POA_CODE_2021,Chinese_Tot_resp,English_Tot_resp,Filipino_Tot_resp,German_Tot_resp,Greek_Tot_resp,Indian_Tot_resp,Lebanese_Tot_resp,Aust_Tot_resp
POA3000,15184,5337,1120,723,303,3118,90,3287
POA3002,327,1861,41,231,122,79,24,1141
POA3003,1709,1497,191,229,99,527,11,1145
POA3004,1578,2825,193,402,200,530,28,1753
POA3006,4687,4118,463,567,271,2212,78,2796
POA3008,3405,2367,328,342,210,2026,45,1555
POA3011,1856,5575,428,698,593,798,49,4655
POA3012,2194,6452,636,724,732,964,157,5906
POA3013,620,5160,175,649,917,235,101,4547
POA3015,629,6130,183,731,801,401,428,5575
POA3016,361,5833,142,613,765,158,131,4785
POA3018,481,4348,164,604,413,241,82,3682
POA3019,1392,1100,337,117,73,520,10,1021
POA3020,3791,5432,1376,586,1449,1380,185,5562
POA3021,3842,4623,2074,645,1265,1952,427,5023
POA3022,138,484,72,85,74,128,18,449
POA3023,4333,7320,4452,822,1492,4142,478,8407
POA3024,778,6929,1142,717,284,6005,117,7203
POA3025,585,2616,197,261,870,251,1281,2624
POA3026,736,765,950,80,154,607,35,957
POA3027,1544,1035,335,111,66,2151,79,909
POA3028,1377,6304,933,712,1026,1568,550,6220
POA3029,5079,16842,5717,1745,1219,27729,1936,17590
POA3030,11018,24089,3530,2578,2020,15202,723,22490
POA3031,1676,5040,186,724,286,383,86,4316
POA3032,3105,6668,532,912,1017,909,109,6227
POA3033,695,3007,162,333,1111,362,199,3156
POA3034,942,1732,244,200,894,258,148,1944
POA3036,130,1510,44,178,351,96,111,1451
POA3037,2356,7158,2116,848,2014,3239,872,8955
POA3038,1086,3833,522,576,1959,946,567,4543
POA3039,803,4370,194,530,813,541,131,3856
POA3040,1137,7017,203,833,1375,858,356,6472
POA3041,427,3389,86,403,668,508,190,3433
POA3042,518,3900,170,418,1023,402,206,4127
POA3043,423,4018,323,400,972,565,774,4084
POA3044,1004,6329,305,719,2280,927,831,6411
POA3045,0,3,0,0,0,0,0,0
POA3046,1195,6504,603,770,1280,1854,2248,6555
POA3047,338,2423,345,171,318,723,1996,3029
POA3048,218,1821,249,138,249,310,1574,2358
POA3049,193,2216,124,254,413,191,282,2427
POA3051,2602,3261,245,464,201,514,49,2652
POA3052,943,2106,69,295,113,279,30,1781
POA3053,3958,3113,237,420,182,780,61,2134
POA3054,255,2961,35,374,297,115,79,2138
POA3055,691,4114,192,528,958,329,236,3554
POA3056,1191,7741,237,1086,1580,451,403,6266
POA3057,659,4191,129,572,616,223,173,3163
POA3058,1383,8695,310,1174,2566,667,1585,7877
POA3059,373,2753,391,272,829,762,1017,3665
POA3060,198,1577,210,178,575,927,977,1919
POA3061,47,438,26,18,231,88,952,596
POA3062,0,0,0,0,0,0,0,0
POA3063,0,155,0,18,19,16,10,200
POA3064,1537,13422,2898,1131,1722,13095,3252,16506
POA3065,683,3271,59,419,269,147,43,2173
POA3066,634,2749,80,374,264,121,46,1927
POA3067,837,2923,158,371,258,213,20,2064
POA3068,729,7336,80,1003,746,240,97,5303
POA3070,915,8665,137,1060,2233,367,239,6969
POA3071,699,5650,130,721,2067,299,363,4714
POA3072,2377,8090,401,1015,3022,992,585,7262
POA3073,3094,9780,703,1143,3856,1902,1478,9521
POA3074,1103,1942,293,173,1555,1032,772,2306
POA3075,1010,2416,463,181,1835,1189,1028,2878
POA3076,1370,4768,682,447,1678,2918,965,5387
POA3078,595,4071,51,456,849,186,73,3509
POA3079,1502,5022,81,522,1056,399,163,4472
POA3081,1053,3655,229,370,628,372,263,3262
POA3082,1911,4709,613,504,2288,1183,618,5384
POA3083,4246,5960,452,649,2019,1477,432,5838
POA3084,2406,7834,267,853,1172,979,272,7243
POA3085,934,4510,118,496,428,507,86,4136
POA3087,494,2870,81,313,358,241,74,3000
POA3088,1224,9336,153,1049,947,464,133,9112
POA3089,228,5049,52,484,322,136,46,4719
POA3090,34,889,20,54,125,37,19,836
POA3091,13,596,9,52,66,12,14,520
POA3093,178,1480,16,158,126,39,16,1279
POA3094,322,3691,26,427,221,114,24,3382
POA3095,919,11447,102,1267,743,311,96,9921
POA3096,16,833,15,79,34,5,0,808
POA3097,31,629,7,69,24,11,0,617
POA3099,29,2139,8,269,74,17,3,2049
POA3101,3975,7121,143,792,1158,700,146,5826
POA3102,890,1824,37,193,512,219,33,1611
POA3103,5242,3442,63,343,631,656,65,2711
POA3104,6800,3872,100,442,1726,864,118,3068
POA3105,2230,1504,76,189,1397,280,179,1697
POA3106,4051,3091,113,338,1610,513,258,2755
POA3107,3004,2644,122,294,1669,371,220,2486
POA3108,9159,3624,242,360,2104,756,174,2976
POA3109,11740,4553,187,508,2103,1135,232,3815
POA3111,2640,3107,65,412,643,333,89,2758
POA3113,368,3454,24,386,306,115,42,2999
POA3114,162,1544,7,165,89,58,4,1291
POA3115,101,1723,9,194,68,36,7,1479
POA3116,503,4650,114,558,125,294,25,4238
POA3121,2179,10467,311,1197,1565,534,89,8046
POA3122,2052,7653,172,875,701,871,54,5960
POA3123,2042,4625,98,551,521,580,39,3863
POA3124,3480,7003,89,798,960,674,66,5473
POA3125,3794,3158,181,367,669,1030,25,2795
POA3126,1540,2348,19,274,208,238,31,2040
POA3127,3008,6422,131,636,535,507,58,5171
POA3128,8915,4471,284,453,425,998,29,3550
POA3129,5630,4091,206,425,653,650,56,3528
POA3130,6961,9199,327,1060,1177,1490,90,8354
POA3131,5489,5569,282,696,811,1151,63,5199
POA3132,3175,4892,163,573,302,751,22,4530
POA3133,6170,5356,240,647,817,1221,66,4603
POA3134,3961,11252,309,1345,684,929,87,10396
POA3135,1833,7587,170,869,309,642,40,6732
POA3136,2877,17627,359,2077,625,1183,105,15761
POA3137,267,6006,139,687,168,205,29,5681
POA3138,810,8986,201,985,219,447,70,8667
POA3139,123,6484,53,706,86,60,12,6185
POA3140,241,7524,152,797,161,228,32,6757
POA3141,2577,7839,267,1007,749,708,108,5161
POA3142,1419,4107,72,460,418,307,75,2848
POA3143,673,3240,58,399,354,308,36,2470
POA3144,714,3967,84,400,503,267,33,3081
POA3145,2670,7087,205,797,1717,926,64,6112
POA3146,3170,8409,167,958,1293,935,71,7431
POA3147,2466,4236,118,451,678,555,43,3857
POA3148,1804,1577,181,194,794,697,29,1509
POA3149,9418,6498,240,737,2276,2713,87,5511
POA3150,21314,10058,506,1135,2369,5227,127,8077
POA3151,3240,1729,109,245,992,608,37,1501
POA3152,9288,8015,434,827,872,2119,112,7149
POA3153,2189,6779,442,972,269,931,42,6430
POA3154,97,1950,33,325,28,39,0,1715
POA3155,1942,8345,301,1072,331,784,70,7650
POA3156,2605,13522,440,1822,806,1062,104,13117
POA3158,99,3130,43,360,79,60,10,2649
POA3159,19,1108,8,186,22,6,4,1024
POA3160,131,4152,38,513,125,63,14,3433
POA3161,1314,3207,110,644,424,494,31,3958
POA3162,942,3722,129,684,745,366,46,4352
POA3163,3710,7782,403,1014,1871,2942,57,6833
POA3165,2969,6944,236,893,2759,1366,174,7062
POA3166,3058,4844,336,585,3586,1565,116,4671
POA3167,1271,1700,180,193,1397,880,65,1624
POA3168,5402,2496,487,288,1087,2796,36,2181
POA3169,3521,2280,602,249,2544,2377,173,2125
POA3170,3379,2992,308,356,1885,1274,160,3027
POA3171,4886,1735,391,145,546,1259,13,1449
POA3172,3192,4483,312,428,991,664,144,4262
POA3173,5704,3404,685,363,730,2198,164,3381
POA3174,3570,4788,1007,470,1237,2833,206,4226
POA3175,2662,6283,1024,655,1567,3918,609,6095
POA3177,407,1596,268,182,156,655,70,1449
POA3178,4499,8716,453,997,1107,1609,235,8483
POA3179,1107,1444,58,180,144,435,7,1488
POA3180,1410,2123,164,293,163,349,7,1953
POA3181,965,6611,185,876,1305,404,58,4640
POA3182,708,7414,227,1041,596,695,80,4635
POA3183,502,5005,170,840,480,515,44,4600
POA3184,329,5552,92,743,445,197,46,3962
POA3185,479,4132,113,575,472,264,27,3636
POA3186,1473,8704,91,929,950,282,84,6419
POA3187,1168,5258,66,666,833,313,83,4530
POA3188,787,7164,68,778,731,285,104,5443
POA3189,406,1740,92,222,387,341,56,1580
POA3190,615,4113,127,449,503,320,54,3444
POA3191,303,4571,31,536,306,153,28,3233
POA3192,1491,7790,225,874,1494,866,114,6889
POA3193,603,8499,54,925,824,203,63,6587
POA3194,681,4749,103,488,731,340,47,3699
POA3195,1795,13310,345,1403,1605,939,139,11739
POA3196,720,10256,323,982,772,466,103,8942
POA3197,505,4530,122,468,411,234,59,3835
POA3198,281,7035,140,725,355,168,39,6059
POA3199,1432,22935,575,2346,1095,751,180,19163
POA3200,113,2112,100,227,69,46,8,1995
POA3201,463,7959,620,695,462,814,149,7449
POA3202,269,669,54,78,121,105,31,682
POA3204,4020,8541,233,1026,1887,1672,109,7704
POA3205,870,3706,138,448,482,279,24,2634
POA3206,182,3669,26,438,945,202,37,2702
POA3207,810,5747,115,693,1154,235,82,4199
POA3211,18,458,0,45,23,23,60,450
POA3212,189,6951,416,847,103,317,64,6962
POA3213,25,1441,26,183,74,62,12,1576
POA3214,317,7596,522,813,154,442,42,7841
POA3215,283,6391,244,968,224,356,47,6492
POA3216,1551,23789,526,2853,519,1546,110,21814
POA3217,364,7771,363,951,161,840,31,7676
POA3218,304,5859,103,681,172,279,23,5233
POA3219,210,8087,193,924,189,303,16,7663
POA3220,558,6679,112,756,232,346,39,5601
POA3221,3,351,0,37,0,8,0,340
POA3222,173,8479,134,889,188,101,23,7156
POA3223,56,3906,31,353,252,31,9,3207
POA3224,180,6340,135,722,147,158,21,5794
POA3225,30,2628,16,214,29,28,5,1890
POA3226,154,7704,23,832,118,49,18,7343
POA3227,30,2421,6,199,29,8,6,2186
POA3228,229,10471,72,1143,200,102,52,9157
POA3230,35,1397,9,140,16,0,0,1254
POA3231,12,648,0,88,12,0,0,536
POA3232,15,557,5,56,28,5,0,365
POA3233,50,932,12,130,41,18,0,715
POA3234,0,115,0,10,0,0,0,75
POA3235,3,237,0,26,0,0,0,144
POA3236,0,94,0,16,0,3,0,89
POA3237,0,99,0,20,0,0,4,80
POA3238,3,77,0,10,0,0,0,101
POA3239,0,229,5,18,3,0,0,148
POA3240,0,968,0,115,0,3,0,966
POA3241,3,1294,26,155,14,15,6,1309
POA3242,0,425,3,38,0,0,4,394
POA3243,0,169,0,26,0,0,0,153
POA3249,9,1436,18,97,0,4,3,1473
POA3250,289,5150,91,423,46,67,17,5315
POA3251,0,195,3,13,0,4,0,264
POA3254,0,113,6,10,0,0,0,167
POA3260,22,2020,29,145,10,12,0,2113
POA3264,7,894,10,65,0,14,0,981
POA3265,6,1084,22,103,3,0,0,1204
POA3266,4,1212,13,66,15,5,0,1438
POA3267,0,80,4,5,0,0,0,101
POA3268,5,1085,62,72,0,4,0,1024
POA3269,13,212,5,24,0,0,4,302
POA3270,0,158,5,18,0,0,0,125
POA3271,0,68,0,10,0,0,0,69
POA3272,6,749,9,51,0,0,0,681
POA3273,0,59,0,3,0,0,0,58
POA3274,0,94,0,12,0,0,0,99
POA3275,0,194,0,20,0,0,0,220
POA3276,0,196,3,29,0,0,0,205
POA3277,4,735,3,60,10,0,0,859
POA3278,0,103,0,16,0,0,0,168
POA3279,0,89,7,8,0,0,0,132
POA3280,481,13667,286,1352,123,196,35,12952
POA3281,0,786,7,83,5,3,0,787
POA3282,4,1056,7,121,6,12,0,990
POA3283,0,544,11,74,3,6,3,634
POA3284,28,1573,15,164,16,5,0,1490
POA3285,0,515,18,43,0,0,0,502
POA3286,0,228,4,18,0,0,0,231
POA3287,0,155,14,37,0,0,0,181
POA3289,0,310,0,98,4,3,0,345
POA3292,0,79,0,14,0,0,0,70
POA3293,0,143,0,12,0,0,0,141
POA3294,0,389,0,84,8,0,0,347
POA3300,85,4321,24,749,31,78,3,4511
POA3301,0,470,19,160,0,0,0,554
POA3302,0,153,0,28,0,0,0,144
POA3303,0,122,9,8,0,0,0,126
POA3304,8,1122,17,125,5,0,0,1120
POA3305,67,5768,114,753,40,62,3,5662
POA3309,0,33,0,0,0,0,0,77
POA3310,3,129,0,14,0,0,0,104
POA3311,0,743,9,71,0,25,0,714
POA3312,0,419,11,36,0,0,0,418
POA3314,0,234,0,56,0,0,0,256
POA3315,10,709,19,101,0,0,0,712
POA3317,0,78,0,10,0,0,0,61
POA3318,0,470,20,107,0,20,0,522
POA3319,0,149,0,37,0,0,0,162
POA3321,3,727,9,71,17,0,0,856
POA3322,0,81,0,20,0,0,0,62
POA3323,0,31,0,4,0,0,0,30
POA3324,0,208,0,15,0,0,0,285
POA3325,0,185,0,18,6,0,0,200
POA3328,4,901,0,89,11,6,0,1127
POA3329,0,158,0,16,7,5,0,121
POA3330,0,77,0,0,4,0,0,98
POA3331,29,2946,12,360,29,21,0,3251
POA3332,4,467,9,47,13,0,0,511
POA3333,0,366,0,32,0,0,0,349
POA3334,0,213,0,27,0,0,0,188
POA3335,133,872,433,82,89,852,26,942
POA3336,383,1650,1414,203,394,2930,154,2255
POA3337,612,11554,1004,1203,582,1675,203,11938
POA3338,612,8428,1415,962,333,3119,138,9133
POA3340,196,9755,176,1069,261,620,56,9974
POA3341,3,665,4,85,20,0,0,678
POA3342,16,1634,11,184,29,17,0,1658
POA3345,4,539,3,65,0,5,14,569
POA3350,1323,27565,421,2981,398,1414,86,24843
POA3351,48,3836,47,432,27,37,7,3919
POA3352,141,7780,79,818,80,161,16,7917
POA3355,280,5352,195,495,39,127,10,5339
POA3356,135,6576,157,648,58,163,5,6380
POA3357,24,1658,17,152,18,8,3,1602
POA3358,65,1371,47,153,22,93,0,1473
POA3360,8,364,0,38,8,0,0,335
POA3361,0,276,4,26,0,0,0,295
POA3363,13,1513,15,188,18,8,0,1412
POA3364,11,965,3,90,12,6,0,862
POA3370,23,812,9,84,7,0,0,746
POA3371,6,453,0,49,0,0,0,406
POA3373,14,1061,10,90,15,0,0,1025
POA3374,4,193,7,28,0,0,0,170
POA3375,0,98,0,10,0,0,0,101
POA3377,98,3633,76,533,15,120,11,3738
POA3378,0,43,0,0,0,0,0,73
POA3379,0,324,4,27,0,0,0,318
POA3380,104,2489,123,297,14,46,0,2567
POA3381,0,570,8,85,3,5,0,530
POA3384,0,239,4,32,0,0,0,271
POA3385,0,242,0,40,5,0,0,190
POA3387,5,140,0,10,0,0,0,107
POA3388,9,194,0,29,0,4,0,255
POA3390,3,387,7,119,0,8,0,414
POA3391,0,81,5,9,3,0,0,74
POA3392,0,203,0,68,3,5,0,234
POA3393,3,1049,5,237,16,24,11,1151
POA3395,4,141,3,30,0,0,0,177
POA3396,7,281,0,61,3,16,0,345
POA3400,119,6244,141,1520,49,187,13,6205
POA3401,12,1944,35,513,8,4,0,2149
POA3407,0,208,3,15,0,6,0,199
POA3409,4,435,4,94,0,10,0,425
POA3412,0,135,0,26,0,0,0,129
POA3413,0,95,4,19,0,0,0,79
POA3414,0,700,10,232,3,0,0,737
POA3415,0,21,0,5,0,0,0,13
POA3418,7,1060,26,413,0,29,0,1092
POA3419,0,414,4,68,4,0,0,412
POA3420,0,125,0,49,0,0,0,139
POA3423,0,194,0,65,4,4,0,189
POA3424,7,326,9,145,0,4,0,281
POA3427,88,1504,204,187,90,440,25,1750
POA3428,21,162,0,14,19,4,19,189
POA3429,522,14775,513,1539,534,849,167,14626
POA3430,0,104,0,14,3,0,8,111
POA3431,28,1924,12,229,31,10,8,1800
POA3432,0,73,0,0,0,0,0,92
POA3433,0,68,0,8,0,0,0,102
POA3434,30,2569,10,282,72,37,30,2611
POA3435,19,1266,23,144,17,4,0,1382
POA3437,102,4783,34,492,158,71,14,4738
POA3438,13,1078,0,118,8,9,0,1029
POA3440,25,848,3,109,15,11,0,872
POA3441,22,612,0,63,18,4,4,518
POA3442,57,3758,32,481,46,42,13,3293
POA3444,101,4334,53,457,74,60,16,3837
POA3446,8,501,0,65,9,0,0,420
POA3447,3,239,0,23,4,0,0,171
POA3448,6,424,5,50,11,9,0,400
POA3450,44,3134,19,378,21,35,0,2490
POA3451,48,2636,13,310,42,28,3,2213
POA3453,17,821,10,110,13,4,0,725
POA3458,32,1026,7,113,9,15,0,784
POA3460,41,1214,13,139,30,22,6,740
POA3461,51,1856,9,230,40,17,3,1561
POA3462,12,565,0,39,5,0,0,445
POA3463,4,1284,6,121,10,7,0,961
POA3464,16,580,16,32,19,0,0,543
POA3465,81,4602,82,380,55,33,0,4293
POA3467,0,604,5,30,3,0,0,607
POA3468,0,108,3,13,0,0,0,109
POA3469,0,110,0,4,0,0,0,70
POA3472,17,722,0,48,14,0,0,595
POA3475,0,179,0,13,0,5,0,111
POA3477,0,372,0,25,0,3,4,357
POA3478,10,1164,23,95,10,4,0,1080
POA3480,6,762,21,66,6,10,0,716
POA3482,0,62,3,6,0,0,0,76
POA3483,6,321,3,18,0,7,0,402
POA3485,0,140,4,19,0,0,0,94
POA3487,0,25,0,9,0,0,0,29
POA3488,0,17,0,4,0,0,0,38
POA3489,0,16,0,3,0,0,0,40
POA3490,4,462,5,76,5,19,0,564
POA3491,0,67,0,0,0,0,0,62
POA3494,8,218,0,22,5,0,0,236
POA3496,63,2512,30,345,48,37,3,2677
POA3498,48,2163,16,346,109,33,3,2294
POA3500,999,12266,358,1640,435,460,15,11832
POA3501,15,885,3,135,28,8,0,912
POA3505,34,1981,19,271,40,6,0,2113
POA3506,0,20,0,4,0,0,0,17
POA3507,0,68,3,10,0,0,0,56
POA3509,0,107,0,8,4,0,0,92
POA3512,0,138,7,68,0,0,0,176
POA3515,15,1074,19,116,3,16,0,1193
POA3516,0,316,0,25,0,3,3,316
POA3517,8,632,0,50,3,4,0,619
POA3518,5,517,4,46,0,0,0,510
POA3520,0,80,0,4,0,0,0,59
POA3521,4,301,0,29,12,3,8,329
POA3522,0,137,5,20,10,0,0,108
POA3523,29,1589,17,156,45,7,0,1430
POA3525,9,496,6,23,3,8,0,571
POA3527,4,281,0,17,0,0,0,284
POA3529,0,61,5,5,0,0,0,52
POA3530,0,65,0,0,0,0,0,40
POA3531,0,81,0,9,0,0,0,107
POA3533,0,313,0,29,0,0,0,326
POA3537,0,467,7,36,0,23,0,396
POA3540,0,109,0,8,0,0,0,115
POA3542,0,66,0,0,0,0,0,56
POA3544,0,87,0,13,0,0,0,111
POA3546,3,123,4,22,0,0,0,168
POA3549,322,679,53,69,49,27,0,713
POA3550,782,17687,332,1937,187,638,46,15948
POA3551,395,15319,200,1509,137,396,35,15622
POA3555,299,9075,250,843,88,255,0,8360
POA3556,146,5972,94,624,55,82,15,5932
POA3557,6,353,0,52,3,0,0,375
POA3558,4,368,0,30,0,0,0,388
POA3559,4,195,5,27,5,0,0,201
POA3561,23,1966,9,162,11,5,0,2023
POA3562,0,92,0,12,0,0,0,124
POA3563,5,327,4,26,0,0,0,390
POA3564,103,7288,168,709,50,109,5,7350
POA3565,0,77,0,7,0,0,0,68
POA3566,4,240,11,18,0,0,0,253
POA3567,0,314,9,32,0,0,0,316
POA3568,8,1313,25,101,10,22,5,1283
POA3570,6,317,0,38,0,0,0,328
POA3571,0,125,0,8,0,0,0,155
POA3572,0,55,3,0,0,0,0,62
POA3573,0,115,9,8,0,0,0,150
POA3575,3,351,87,21,0,0,6,310
POA3576,0,26,0,0,0,0,0,30
POA3579,39,2339,38,236,19,17,0,2396
POA3580,4,420,3,36,0,0,0,519
POA3581,0,65,0,4,3,3,0,54
POA3583,12,72,0,4,3,0,0,38
POA3584,11,463,0,40,0,0,0,520
POA3585,204,4283,147,440,24,142,7,4486
POA3586,7,299,0,35,4,0,0,376
POA3588,3,158,0,7,0,0,0,195
POA3589,7,74,0,27,0,0,0,109
POA3590,5,108,0,17,0,0,0,143
POA3591,0,83,0,16,0,0,0,63
POA3594,7,194,0,13,0,7,0,200
POA3595,15,237,0,32,0,0,0,289
POA3596,9,31,0,5,0,7,0,33
POA3597,6,144,9,10,0,0,0,137
POA3599,5,61,0,5,0,0,0,64
POA3607,0,63,0,0,3,0,0,61
POA3608,23,1129,21,100,14,7,0,1105
POA3610,7,586,3,54,4,0,4,584
POA3612,21,742,25,104,14,6,0,685
POA3614,0,406,4,31,0,0,0,430
POA3616,39,2160,33,209,28,23,0,2221
POA3617,0,85,0,6,0,0,0,48
POA3618,5,242,12,7,0,3,5,255
POA3620,39,3574,98,331,35,36,0,3544
POA3621,12,945,52,70,0,18,15,1192
POA3622,0,196,5,18,0,0,0,237
POA3623,12,374,14,23,0,6,0,445
POA3624,7,200,3,19,0,0,0,277
POA3629,135,3586,117,355,55,96,0,3464
POA3630,548,10307,566,900,310,918,16,9670
POA3631,182,4850,119,461,265,669,3,4984
POA3633,0,232,0,6,0,4,0,305
POA3634,0,775,8,62,0,6,0,801
POA3635,0,244,0,3,0,0,0,230
POA3636,24,2249,26,173,9,14,0,2338
POA3637,0,210,0,27,3,0,0,325
POA3638,9,963,17,75,8,0,0,1018
POA3639,0,184,13,8,0,0,0,202
POA3640,23,361,20,22,0,0,0,455
POA3641,11,569,8,43,5,3,0,510
POA3644,203,3835,67,377,26,92,8,3351
POA3646,0,245,0,23,6,0,0,265
POA3647,0,6,0,0,0,10,0,16
POA3649,0,188,13,11,0,5,0,175
POA3658,26,2639,27,269,47,10,5,2687
POA3659,0,366,0,34,4,0,0,330
POA3660,145,3058,81,373,49,38,4,3123
POA3662,8,416,7,77,6,7,0,546
POA3663,0,85,0,3,0,0,0,64
POA3664,17,512,6,52,11,0,0,503
POA3665,0,159,0,12,0,0,0,167
POA3666,37,2164,46,207,15,9,0,2033
POA3669,7,648,0,54,14,9,0,491
POA3670,0,266,0,33,0,0,0,219
POA3672,80,4614,50,523,59,89,17,4284
POA3673,16,783,0,96,12,0,3,776
POA3675,6,852,4,106,0,3,0,820
POA3677,166,8194,180,852,81,144,14,7552
POA3678,23,2795,14,320,18,14,0,2733
POA3682,0,254,0,45,0,0,0,299
POA3683,3,764,3,88,0,0,0,793
POA3685,13,1351,4,177,6,12,0,1228
POA3687,7,464,0,64,0,4,0,496
POA3688,0,573,4,83,0,4,0,634
POA3690,287,13861,357,2440,127,458,58,14361
POA3691,78,5345,66,861,34,43,14,5928
POA3695,0,207,0,54,6,0,0,219
POA3697,12,264,5,35,0,5,0,208
POA3698,12,445,5,65,0,3,0,360
POA3699,24,468,11,103,0,6,0,459
POA3700,3,586,0,74,0,4,0,606
POA3701,0,430,4,57,0,0,0,437
POA3704,0,6,0,0,0,0,0,8
POA3705,0,94,0,11,0,0,0,90
POA3707,12,774,23,96,0,4,0,823
POA3708,0,20,0,0,0,0,0,25
POA3709,0,130,0,16,0,0,0,100
POA3711,0,259,0,25,0,4,0,232
POA3712,0,150,4,15,0,0,0,157
POA3713,0,482,6,35,0,10,0,362
POA3714,21,1755,18,150,14,17,4,1500
POA3715,0,154,0,18,0,0,0,131
POA3717,26,1526,12,151,23,3,0,1344
POA3718,0,25,0,3,0,0,0,37
POA3719,0,205,3,21,0,0,0,195
POA3720,0,228,0,28,18,0,0,297
POA3722,46,2512,8,303,36,8,11,2353
POA3723,72,1524,14,199,27,11,5,1308
POA3725,0,246,4,30,4,0,0,278
POA3726,0,190,5,27,0,0,0,145
POA3727,0,126,0,4,0,0,0,142
POA3728,0,303,0,45,4,0,0,324
POA3730,77,4237,65,347,41,52,6,4027
POA3732,4,286,0,44,0,0,0,231
POA3733,0,82,0,16,4,0,0,79
POA3735,4,253,0,20,0,0,0,260
POA3737,28,1674,74,174,8,15,12,1597
POA3738,0,75,0,11,0,0,0,81
POA3739,11,86,0,12,0,0,0,88
POA3740,11,511,3,70,0,0,0,476
POA3741,35,1408,3,188,25,8,3,1195
POA3744,11,208,0,35,0,0,0,222
POA3746,0,153,0,21,0,0,0,150
POA3747,26,2229,26,324,16,22,7,1890
POA3749,0,938,3,134,3,0,0,889
POA3750,604,2255,628,179,720,4631,634,2865
POA3751,0,49,0,0,0,0,0,36
POA3752,839,4703,489,484,1277,1981,398,5540
POA3753,46,1204,68,128,137,308,54,1502
POA3754,1154,13863,904,1271,1632,3967,444,15020
POA3755,0,88,0,6,0,0,0,92
POA3756,140,5245,160,583,279,649,114,5677
POA3757,59,3804,43,378,179,35,37,3927
POA3758,0,872,9,91,26,0,0,903
POA3759,6,501,0,60,14,0,0,412
POA3760,0,159,0,15,3,0,0,143
POA3761,13,534,3,33,11,4,5,473
POA3762,6,38,0,4,0,0,0,34
POA3763,6,752,3,85,11,0,0,697
POA3764,84,4098,79,423,102,129,29,4220
POA3765,74,2989,37,369,82,58,17,3049
POA3766,16,540,0,84,16,10,0,474
POA3767,6,595,11,85,18,10,0,437
POA3770,29,1508,13,135,16,25,0,1391
POA3775,40,1928,10,183,17,4,0,1698
POA3777,80,5005,26,631,66,38,11,4243
POA3778,0,76,0,17,0,0,0,80
POA3779,12,194,0,20,0,8,0,180
POA3781,31,1860,21,206,30,23,0,2019
POA3782,63,3700,19,396,102,29,3,3080
POA3783,12,1058,9,109,17,8,0,1055
POA3785,0,38,0,4,0,0,0,19
POA3786,32,659,0,91,24,4,3,595
POA3787,19,446,0,59,14,6,0,350
POA3788,22,775,7,99,16,17,0,658
POA3789,0,125,0,27,3,0,0,99
POA3791,16,682,4,93,22,8,0,443
POA3792,7,481,0,67,5,13,0,381
POA3793,38,1675,16,183,24,9,15,1433
POA3795,0,550,3,71,8,10,0,484
POA3796,66,4484,31,541,94,46,30,4272
POA3797,27,1639,5,172,15,7,6,1620
POA3799,46,2603,31,289,68,24,0,2247
POA3802,2161,3633,417,441,977,1448,281,3671
POA3803,475,1614,283,177,139,597,97,1549
POA3804,409,2037,50,272,222,333,72,2295
POA3805,3193,12908,1060,1345,871,3682,346,13402
POA3806,3049,15007,685,1630,670,3755,193,13939
POA3807,142,3007,92,334,93,198,4,2825
POA3808,23,1222,9,124,34,38,7,1412
POA3809,429,5676,422,533,197,1810,55,5515
POA3810,1157,18700,928,1897,488,2867,130,17951
POA3812,23,925,13,101,3,14,0,1067
POA3813,0,396,4,31,13,0,0,407
POA3814,10,1023,15,83,18,15,0,1179
POA3815,16,1555,31,123,14,5,0,1702
POA3816,18,1333,4,97,3,25,0,1517
POA3818,129,7688,113,732,96,112,3,7343
POA3820,244,8617,143,897,135,267,12,7956
POA3821,13,1364,4,126,6,6,0,1397
POA3822,0,431,3,54,4,0,0,486
POA3823,14,958,11,65,0,7,0,945
POA3824,24,2290,19,232,11,23,0,2342
POA3825,157,8173,251,911,134,41,3,8637
POA3831,5,850,9,97,7,0,0,837
POA3832,0,109,0,9,0,0,0,106
POA3833,9,109,0,20,3,0,0,108
POA3835,0,171,4,11,0,6,0,227
POA3840,116,6311,211,656,146,158,6,6188
POA3842,28,1899,63,197,11,20,5,2071
POA3844,355,12561,327,1362,253,372,18,12374
POA3847,3,973,35,82,0,7,0,988
POA3850,196,6326,160,567,89,187,30,6563
POA3851,14,2348,49,223,11,6,0,2159
POA3852,6,80,0,10,4,5,0,94
POA3854,5,595,8,66,0,0,0,713
POA3856,0,415,0,50,3,0,0,531
POA3857,0,164,0,22,0,0,0,156
POA3858,20,1199,36,89,5,3,0,1329
POA3859,0,388,10,36,0,0,0,371
POA3860,36,3222,40,253,28,28,5,3283
POA3862,7,1541,18,135,23,0,0,1626
POA3864,0,114,0,4,0,0,0,90
POA3865,0,191,4,12,0,0,0,211
POA3869,3,795,17,85,0,5,0,722
POA3870,0,555,3,67,12,0,8,528
POA3871,13,1350,7,112,0,5,0,1243
POA3873,0,149,0,4,0,0,0,172
POA3874,3,293,0,21,7,0,0,241
POA3875,198,8582,226,871,71,138,10,8204
POA3878,24,607,3,72,0,11,0,541
POA3880,22,2139,32,205,21,19,7,1557
POA3882,4,624,9,46,0,4,0,586
POA3885,3,821,5,76,7,4,0,770
POA3886,5,157,0,19,0,0,0,190
POA3887,0,117,0,0,0,0,0,88
POA3888,43,1461,28,152,9,7,0,1388
POA3889,0,82,0,7,0,0,0,60
POA3890,0,147,0,15,0,0,0,99
POA3891,0,46,3,4,0,0,0,31
POA3892,19,561,6,70,12,0,0,359
POA3893,0,3,0,0,0,0,0,9
POA3895,3,101,0,9,0,0,0,77
POA3896,0,168,0,19,0,0,0,125
POA3898,11,290,4,29,3,4,0,250
POA3900,0,72,0,7,0,0,0,55
POA3902,0,181,0,22,4,0,0,172
POA3903,4,368,11,43,8,0,0,336
POA3904,11,904,7,88,12,5,4,656
POA3909,80,3529,48,357,67,31,0,3353
POA3910,247,10626,197,953,328,202,82,9655
POA3911,23,1519,23,155,44,16,7,1426
POA3912,105,7377,89,616,116,53,28,6680
POA3913,24,1678,11,146,26,13,3,1430
POA3915,85,4780,124,419,91,56,18,4414
POA3916,6,531,3,42,0,0,0,350
POA3918,15,2073,18,199,36,10,6,1819
POA3919,11,1535,20,160,9,8,5,1449
POA3920,16,464,9,45,3,6,0,596
POA3921,6,64,0,0,0,0,0,62
POA3922,96,4350,55,394,145,73,16,3705
POA3923,0,355,0,44,3,0,0,284
POA3925,54,1872,46,181,43,26,0,1717
POA3926,16,1595,0,160,18,17,0,1311
POA3927,24,849,0,96,0,0,10,694
POA3928,0,208,0,25,0,0,0,153
POA3929,0,566,0,35,4,0,9,336
POA3930,340,8852,48,728,324,182,43,6609
POA3931,231,11796,132,982,375,134,35,9330
POA3933,7,476,6,41,0,0,3,372
POA3934,174,9429,60,812,315,71,29,7129
POA3936,104,5445,46,528,580,47,31,4641
POA3937,19,837,3,80,26,12,0,579
POA3938,12,1431,3,145,64,10,12,1261
POA3939,136,6893,74,643,260,70,14,6090
POA3940,36,2273,30,145,67,42,8,1938
POA3941,117,5573,56,455,353,38,22,4941
POA3942,11,1240,16,129,28,9,13,955
POA3943,7,863,0,82,13,9,0,617
POA3944,10,398,0,34,6,0,0,213
POA3945,0,507,0,39,8,0,0,458
POA3946,0,132,0,18,0,0,0,125
POA3950,48,2179,22,216,13,44,8,2205
POA3951,0,433,3,46,8,0,0,427
POA3953,33,3631,61,323,16,103,4,3439
POA3954,0,169,0,27,0,0,0,145
POA3956,12,1267,8,144,18,10,0,1261
POA3957,0,132,0,16,0,0,0,143
POA3958,0,111,0,6,0,0,0,97
POA3959,3,515,4,46,0,0,0,458
POA3960,11,1128,20,107,4,7,0,1048
POA3962,3,427,0,50,0,0,0,367
POA3964,0,83,0,12,0,0,0,72
POA3965,3,85,5,6,0,0,0,80
POA3966,0,216,8,14,0,0,0,252
POA3967,0,56,0,3,0,0,0,56
POA3971,22,1773,14,172,20,19,6,1730
POA3975,1029,2258,640,217,242,3248,100,2355
POA3976,1206,3923,1089,395,329,1823,152,3653
POA3977,2963,30217,3471,2807,1447,11400,418,30256
POA3978,1268,7534,1729,722,454,7504,152,7627
POA3979,0,147,0,12,5,0,0,164
POA3980,16,1521,18,143,17,16,0,1586
POA3981,15,2275,26,184,30,41,0,2433
POA3984,49,3140,32,238,89,22,8,3064
POA3987,9,704,5,52,0,4,0,783
POA3988,11,483,0,36,3,0,0,485
POA3990,0,58,0,0,0,0,0,51
POA3991,0,172,0,10,3,0,0,149
POA3992,4,582,16,36,3,5,0,529
POA3995,91,5087,59,448,33,104,0,4500
POA3996,45,2915,19,296,41,22,3,2614
