POA_CODE_2021,Tot_P_M,Tot_P_F,Tot_P_P,Age_0_4_yr_M,Age_0_4_yr_F,Age_0_4_yr_P,Age_5_14_yr_M,Age_5_14_yr_F,Age_5_14_yr_P,Age_15_19_yr_M,Age_15_19_yr_F,Age_15_19_yr_P,Age_20_24_yr_M,Age_20_24_yr_F,Age_20_24_yr_P,Age_25_34_yr_M,Age_25_34_yr_F,Age_25_34_yr_P,Age_35_44_yr_M,Age_35_44_yr_F,Age_35_44_yr_P,Age_45_54_yr_M,Age_45_54_yr_F,Age_45_54_yr_P,Age_55_64_yr_M,Age_55_64_yr_F,Age_55_64_yr_P,Age_65_74_yr_M,Age_65_74_yr_F,Age_65_74_yr_P,Age_75_84_yr_M,Age_75_84_yr_F,Age_75_84_yr_P,Age_85ov_M,Age_85ov_F,Age_85ov_P
POA3000,21548,21539,43084,347,345,697,388,376,767,773,950,1726,5009,5819,10827,8888,8779,17665,3240,2670,5909,1333,1133,2466,867,822,1688,482,473,956,183,136,323,40,36,73
POA3002,2353,2545,4896,59,53,110,87,91,176,40,56,92,130,153,275,565,577,1144,397,386,786,255,297,552,308,351,663,299,349,651,172,150,324,39,84,119
POA3003,4093,3926,8025,118,137,250,167,167,336,117,117,227,523,583,1098,1655,1588,3248,761,617,1377,372,329,697,223,209,435,117,125,245,45,47,91,5,12,15
POA3004,5655,5827,11482,168,193,362,224,223,448,101,105,205,359,358,711,1574,1789,3363,1152,1004,2155,630,596,1224,507,562,1071,489,551,1042,342,316,659,109,136,242
POA3006,11499,11197,22699,365,332,702,333,326,657,202,257,458,1341,1517,2861,4744,4696,9434,2322,1905,4225,907,841,1748,646,675,1322,420,451,868,184,176,358,34,26,65
POA3008,8037,7458,15495,359,328,695,266,252,513,118,124,248,770,796,1564,3083,2952,6036,1601,1290,2891,733,664,1397,604,600,1204,375,322,695,107,104,207,22,26,42
POA3011,11361,10913,22278,592,567,1156,819,748,1575,324,304,624,866,817,1681,3107,3089,6195,2209,1978,4188,1304,1235,2538,1013,977,1993,666,570,1240,319,387,703,150,239,390
POA3012,13593,13423,27023,870,845,1716,1545,1318,2864,535,529,1068,805,760,1562,3156,2908,6061,2480,2479,4963,1718,1729,3452,1228,1241,2469,697,826,1525,379,488,873,179,300,479
POA3013,7603,8038,15636,550,504,1050,981,963,1946,345,334,682,365,367,727,1274,1380,2654,1412,1492,2901,1168,1219,2386,773,836,1611,416,450,870,214,297,511,109,184,300
POA3015,9144,9492,18634,779,684,1459,1276,1280,2561,450,426,877,411,378,793,1188,1284,2472,1670,1814,3486,1377,1482,2860,1035,1018,2053,559,619,1180,275,309,589,120,198,320
POA3016,7891,8141,16025,348,297,647,1130,1033,2168,577,475,1049,471,377,849,603,689,1297,890,1035,1921,1238,1420,2658,1238,1278,2516,892,906,1796,384,435,821,110,191,303
POA3018,6470,7084,13556,409,374,782,799,800,1600,252,318,575,270,260,530,698,872,1569,1094,1143,2238,987,1027,2016,794,810,1602,622,750,1370,408,474,887,145,252,398
POA3019,4927,4753,9682,277,242,521,544,448,987,251,276,530,390,336,726,1202,1020,2222,704,716,1416,536,564,1098,487,503,985,362,430,789,128,157,287,43,74,116
POA3020,22570,21797,44372,1312,1254,2562,2424,2270,4692,1109,1076,2186,1637,1459,3093,4379,3716,8090,3338,3023,6370,2664,2694,5356,2430,2334,4759,1781,1980,3766,1093,1343,2442,403,661,1058
POA3021,27643,27470,55112,1624,1531,3152,3232,2971,6206,1512,1490,3005,2102,1891,3989,4793,4443,9237,3578,3585,7167,3094,3290,6386,3102,3114,6214,2733,2942,5672,1424,1568,2997,436,650,1087
POA3022,1600,1567,3170,96,127,222,160,161,322,66,60,123,81,74,156,322,282,605,283,274,546,226,173,398,150,121,276,113,143,257,76,77,150,21,82,107
POA3023,34082,33065,67146,2083,1931,4013,5271,4990,10258,2395,2277,4679,2410,1980,4388,4970,4612,9573,5695,5599,11292,4771,4803,9577,3147,3192,6340,2121,2354,4479,985,982,1968,230,344,575
POA3024,16901,17099,34004,1724,1599,3316,2980,2883,5864,1020,984,2001,1103,977,2086,2760,3477,6238,3521,3198,6714,1698,1705,3404,1100,1196,2295,694,724,1421,244,268,515,59,91,149
POA3025,6254,6713,12962,527,499,1024,788,814,1600,264,292,551,302,301,598,1020,1022,2047,1037,1040,2077,747,758,1508,521,515,1035,426,539,962,404,596,999,220,334,561
POA3026,4425,4338,8770,367,351,709,870,859,1730,295,277,570,256,229,487,602,580,1181,872,944,1811,575,561,1132,378,303,678,159,170,324,57,61,117,7,13,16
POA3027,4939,4509,9448,474,411,882,717,702,1417,250,183,433,397,297,694,1031,938,1965,1129,1071,2199,516,451,969,256,276,532,145,157,300,31,21,52,3,10,12
POA3028,13915,14278,28191,905,829,1732,1546,1538,3091,702,662,1369,859,799,1660,2314,2159,4471,2117,2119,4232,1758,1888,3642,1744,1932,3673,1258,1371,2628,536,661,1196,179,318,496
POA3029,66596,63291,129888,6439,6057,12499,11014,10482,21494,3522,3297,6815,4844,3646,8490,12232,12541,24770,13568,12010,25580,6435,5885,12319,4334,4745,9079,2808,3089,5903,1192,1218,2408,210,326,541
POA3030,59258,59945,119201,4895,4633,9526,10020,9316,19334,3547,3195,6749,3466,3351,6820,8672,9686,18359,11411,11357,22767,7330,7340,14671,4898,5094,9998,3269,3490,6759,1364,1710,3076,380,768,1147
POA3031,8534,9237,17772,516,527,1041,765,758,1522,312,330,641,599,666,1266,2057,2221,4272,1570,1703,3275,1065,1136,2199,792,835,1622,569,613,1181,207,308,511,89,149,241
POA3032,14824,15049,29874,882,796,1674,1546,1365,2912,661,633,1291,1092,1099,2195,2924,3123,6047,2492,2478,4968,1999,2031,4028,1540,1684,3220,1077,1132,2208,487,492,976,135,219,354
POA3033,7297,7782,15078,413,387,807,923,924,1839,449,423,876,386,352,737,803,841,1642,980,972,1950,1043,1091,2139,787,870,1651,633,842,1479,651,797,1451,231,288,514
POA3034,6032,6357,12388,334,296,633,705,649,1346,285,292,575,343,258,597,723,650,1376,814,843,1659,766,750,1510,634,745,1373,611,813,1424,570,717,1280,251,355,607
POA3036,2934,3036,5974,164,107,272,369,302,676,187,198,391,171,164,335,280,285,560,315,325,643,376,436,817,408,437,843,341,404,746,240,232,476,78,141,224
POA3037,25477,25927,51402,1456,1364,2818,3827,3644,7475,1990,1883,3871,1921,1784,3706,3341,3279,6622,3562,3929,7489,3849,4083,7932,2868,2947,5816,1719,1799,3520,756,831,1591,190,381,569
POA3038,13215,13488,26703,586,537,1125,1415,1334,2752,880,891,1773,989,865,1850,1632,1497,3127,1370,1430,2795,1725,2021,3749,2099,2375,4470,1621,1573,3188,718,713,1434,187,262,449
POA3039,7821,8401,16224,389,357,749,746,753,1502,369,351,722,535,575,1105,1533,1607,3138,1176,1242,2423,1012,1119,2130,951,986,1936,656,708,1361,311,439,752,144,268,415
POA3040,12997,13727,26722,573,522,1089,1569,1438,3004,855,810,1670,1030,990,2017,1871,1960,3835,1703,1895,3598,1871,2076,3950,1643,1748,3393,1123,1205,2332,529,662,1195,230,423,655
POA3041,6437,6675,13111,281,269,549,940,847,1785,507,422,927,402,423,828,737,736,1468,853,934,1790,979,1029,2008,758,844,1602,600,656,1255,276,323,601,111,189,304
POA3042,8135,8625,16763,529,491,1020,945,933,1876,446,392,844,474,398,871,1128,1162,2288,1208,1269,2474,1124,1182,2305,891,996,1889,710,891,1605,470,629,1101,210,286,501
POA3043,8872,9047,17912,533,493,1021,1001,976,1972,487,422,908,526,429,951,1340,1237,2572,1214,1247,2460,1075,1120,2199,961,1064,2027,923,1139,2061,653,705,1357,168,211,381
POA3044,13847,14847,28701,839,851,1691,1692,1727,3419,778,694,1478,868,795,1654,2310,2521,4833,2309,2400,4709,1877,2026,3900,1472,1492,2965,858,990,1847,506,715,1221,338,648,987
POA3045,41,19,64,0,3,3,0,4,4,4,4,3,4,0,6,8,0,8,5,6,8,10,0,12,9,0,11,0,6,4,0,0,0,0,0,0
POA3046,18287,18483,36772,1350,1285,2636,1985,1841,3827,840,719,1557,1437,1271,2709,3882,3747,7631,2993,2820,5814,1956,1999,3961,1628,1735,3363,1010,1226,2239,731,1101,1829,465,747,1211
POA3047,11249,10225,21478,817,735,1554,1625,1436,3061,699,650,1346,918,740,1655,2204,1733,3932,1574,1380,2952,1159,1132,2293,1102,1040,2144,644,687,1329,397,489,889,114,206,327
POA3048,8922,9157,18081,611,609,1218,1334,1269,2598,617,586,1204,726,673,1407,1369,1347,2718,1135,1128,2265,1029,1151,2180,1015,1111,2133,637,752,1385,367,389,757,79,135,213
POA3049,4759,5059,9812,274,264,539,566,546,1112,309,288,599,298,311,605,684,646,1329,604,664,1265,633,699,1330,643,721,1368,459,547,1004,218,272,488,66,91,159
POA3051,7286,7670,14953,278,274,548,613,575,1186,343,361,704,940,1118,2066,2118,2165,4283,1163,1192,2355,691,781,1472,540,569,1105,389,385,779,161,169,333,47,71,126
POA3052,3469,3826,7297,105,87,195,153,135,292,468,767,1238,717,813,1529,871,822,1696,424,342,760,218,225,446,198,200,400,155,186,342,110,126,245,39,114,155
POA3053,7848,8188,16034,164,146,310,304,254,555,446,573,1020,1865,2018,3890,2725,2692,5417,908,828,1736,470,487,963,367,445,809,311,371,684,210,238,447,84,132,217
POA3054,3845,4343,8186,168,150,328,290,278,570,129,128,259,350,490,842,1004,1142,2148,537,570,1112,393,464,858,392,415,809,348,386,732,177,214,391,51,93,141
POA3055,7001,7746,14746,365,330,705,573,606,1180,241,272,524,570,672,1243,1775,1959,3734,1219,1283,2507,850,893,1748,622,706,1332,422,506,927,254,324,580,102,181,289
POA3056,12067,12846,24912,512,472,983,810,760,1571,329,344,669,1059,1268,2326,3476,3804,7280,2267,2165,4432,1403,1379,2788,991,1092,2086,639,785,1426,409,516,922,174,268,440
POA3057,6200,7063,13262,244,250,489,395,364,762,187,178,364,445,623,1069,2089,2364,4445,1240,1411,2654,697,706,1399,412,517,932,258,339,597,158,215,372,71,98,173
POA3058,16963,17941,34906,995,965,1954,1832,1741,3573,760,782,1547,1157,1124,2285,3161,3234,6388,2863,2991,5860,2342,2511,4852,1670,1803,3473,1104,1276,2376,699,927,1624,379,591,963
POA3059,10617,10659,21274,831,697,1529,1506,1487,2994,701,707,1413,746,744,1487,1493,1638,3128,1498,1556,3056,1371,1482,2857,1282,1291,2574,820,730,1545,319,248,568,44,76,120
POA3060,7279,6993,14274,547,536,1082,995,951,1939,385,364,749,563,416,982,1289,1080,2371,1116,1026,2136,786,714,1501,624,641,1260,430,473,911,316,486,805,226,311,534
POA3061,2584,2394,4977,175,163,335,330,337,663,153,125,279,171,145,311,356,335,693,345,284,626,326,265,594,289,235,520,209,268,479,182,180,365,53,60,113
POA3062,0,0,6,0,0,0,0,0,0,0,0,0,0,0,0,0,0,0,0,0,0,3,0,4,0,0,0,0,0,0,0,0,0,0,0,0
POA3063,277,281,563,6,8,15,36,29,66,25,26,49,21,25,40,16,25,40,25,31,53,51,50,102,48,39,92,25,31,55,19,14,32,6,5,7
POA3064,57414,57000,114413,5509,5129,10644,9771,9118,18891,3693,3528,7226,4107,3879,7985,10105,10896,21003,10134,9789,19925,6010,6249,12262,4667,4543,9204,2359,2535,4897,837,1008,1849,218,321,539
POA3065,5072,5359,10431,233,220,453,298,316,616,126,146,275,302,418,712,1433,1642,3072,965,879,1841,611,586,1197,586,525,1108,342,355,697,139,188,324,50,80,135
POA3066,4701,4476,9179,184,191,380,268,250,522,106,109,212,297,340,634,1688,1660,3348,958,794,1752,538,492,1030,354,306,661,197,198,394,80,110,189,26,41,67
POA3067,4637,4458,9096,168,171,340,195,204,397,85,108,190,315,357,665,1667,1618,3278,982,801,1785,484,407,888,354,333,692,251,259,508,112,139,249,33,71,97
POA3068,9148,10235,19382,454,439,891,876,841,1720,283,363,647,483,661,1145,2103,2485,4582,1550,1547,3099,1152,1225,2373,951,999,1946,734,924,1658,416,505,922,153,233,385
POA3070,11948,13333,25276,582,568,1153,1301,1336,2636,607,596,1204,622,698,1319,2345,2823,5164,1939,2090,4021,1821,2009,3830,1250,1379,2629,766,920,1682,491,618,1111,215,313,528
POA3071,9070,9934,19005,511,470,976,949,880,1828,409,415,825,501,524,1030,1776,2077,3851,1625,1740,3370,1294,1392,2685,882,975,1856,564,675,1233,362,485,852,193,299,495
POA3072,16417,17376,33790,926,860,1789,1693,1584,3276,719,699,1415,1015,1014,2026,3219,3464,6682,2929,2997,5931,2321,2423,4742,1581,1829,3410,1082,1212,2294,651,837,1484,288,450,740
POA3073,25256,25843,51096,1620,1481,3105,2519,2337,4857,1062,1032,2096,1654,1484,3132,4820,4640,9460,3939,4084,8024,3221,3200,6424,2551,2622,5178,1840,2167,4003,1337,1729,3075,684,1064,1753
POA3074,10174,10059,20234,605,515,1121,1046,988,2035,499,498,996,726,615,1334,1693,1523,3221,1385,1290,2679,1126,1094,2222,1074,1142,2219,1034,1239,2269,740,864,1599,254,292,543
POA3075,11598,11627,23219,742,741,1486,1430,1343,2771,635,574,1209,814,737,1551,1752,1740,3495,1705,1655,3361,1429,1329,2759,1147,1165,2308,983,1133,2122,688,845,1534,270,367,630
POA3076,16681,16809,33489,1154,1088,2245,2441,2286,4725,953,896,1847,1180,1017,2193,2604,2640,5240,2749,2651,5404,1993,2064,4067,1684,1881,3570,1167,1291,2465,567,606,1172,190,376,567
POA3078,5887,6349,12237,288,322,611,665,612,1271,278,296,573,378,391,766,1019,1130,2149,925,1001,1921,851,892,1741,726,792,1519,467,517,987,221,263,477,76,135,215
POA3079,8098,8960,17055,360,380,735,912,957,1870,496,523,1020,526,571,1097,1077,1138,2216,1112,1200,2315,1128,1241,2371,1094,1202,2293,815,948,1757,412,498,906,162,306,464
POA3081,6907,7094,14003,489,436,928,702,729,1432,317,306,626,500,489,988,1436,1449,2890,1084,1036,2120,763,833,1601,788,843,1625,535,534,1068,216,269,487,82,162,245
POA3082,14208,14506,28712,727,697,1427,1576,1440,3013,853,794,1649,1042,958,2003,2145,2013,4165,1833,1834,3668,1734,2016,3752,2123,2338,4461,1441,1513,2946,570,644,1212,160,259,417
POA3083,16020,15511,31529,797,725,1526,1610,1347,2959,978,891,1874,1642,1423,3061,2839,2379,5214,1981,1915,3901,1991,2038,4030,1660,1800,3456,1299,1432,2736,893,1065,1963,328,483,812
POA3084,13069,13973,27045,659,650,1309,1851,1783,3633,808,688,1500,679,730,1406,1445,1571,3020,1834,2032,3867,1844,1890,3732,1527,1653,3180,1207,1373,2586,815,1051,1864,405,547,952
POA3085,6863,7184,14050,439,432,868,843,865,1715,472,380,847,492,337,826,893,876,1775,1001,1033,2036,951,1051,1999,702,767,1468,580,711,1295,339,427,768,152,297,453
POA3087,4484,4669,9156,293,291,584,561,543,1099,258,202,458,228,211,442,642,655,1292,698,699,1399,572,620,1194,483,525,1012,392,492,884,276,305,580,79,127,201
POA3088,13188,13989,27181,832,723,1560,1776,1711,3487,785,734,1517,697,583,1275,1377,1526,2908,1963,2091,4050,1819,1900,3715,1513,1751,3266,1409,1627,3038,792,899,1693,227,441,670
POA3089,6160,6345,12503,361,380,739,846,832,1680,495,463,957,450,378,827,686,711,1401,781,839,1618,918,994,1910,828,900,1729,522,546,1069,221,223,445,50,72,125
POA3090,1292,1279,2575,50,30,78,191,153,351,120,104,220,98,106,202,92,84,180,125,137,264,233,228,464,191,188,380,101,107,209,61,59,117,35,74,107
POA3091,812,794,1602,20,28,42,90,100,185,66,62,129,72,69,136,72,42,114,61,76,141,126,151,281,153,118,271,91,89,174,54,44,99,5,13,21
POA3093,1905,2056,3962,88,104,191,255,217,469,128,107,233,95,110,197,188,190,378,220,260,483,292,293,584,233,285,513,231,234,466,145,159,303,42,102,150
POA3094,4433,4813,9250,307,262,579,653,628,1277,244,228,470,182,214,392,444,485,921,651,758,1399,640,662,1297,506,610,1118,490,590,1078,248,316,570,75,75,148
POA3095,13884,14484,28373,725,751,1475,1974,1923,3896,1035,979,2009,850,733,1583,1143,1140,2281,1661,1835,3491,2093,2335,4433,2008,2166,4172,1585,1714,3297,654,700,1356,157,212,366
POA3096,955,955,1911,51,38,89,126,109,231,61,77,134,80,62,144,112,111,221,93,102,195,124,145,270,149,144,296,81,83,166,56,51,108,17,43,57
POA3097,769,768,1536,28,26,56,95,111,208,69,70,141,51,41,92,63,53,115,69,91,161,132,120,249,120,124,240,102,85,183,40,37,80,6,11,13
POA3099,2485,2507,4993,140,130,269,356,307,666,163,154,316,163,139,300,228,216,444,271,303,574,332,403,735,389,415,800,301,302,602,131,116,247,21,25,46
POA3101,11774,12727,24499,482,461,947,1360,1397,2761,860,846,1705,925,833,1758,1597,1571,3169,1334,1491,2829,1582,1853,3436,1515,1640,3154,1166,1296,2468,668,823,1491,283,506,786
POA3102,3244,3381,6620,153,147,303,482,412,885,266,218,482,234,204,438,330,329,664,387,433,817,440,533,978,437,458,891,269,347,618,174,205,383,77,83,163
POA3103,7260,8359,15621,261,265,522,975,985,1963,569,543,1106,529,525,1051,758,776,1535,852,1057,1915,979,1196,2175,911,1041,1944,749,901,1649,466,671,1132,228,399,624
POA3104,10449,10850,21302,392,335,732,1609,1454,3068,1034,857,1889,778,682,1460,943,890,1834,962,1324,2292,1599,1788,3385,1426,1486,2912,919,988,1909,565,646,1209,224,397,622
POA3105,5431,5692,11124,262,228,485,574,549,1118,323,294,616,356,304,659,624,610,1235,646,691,1332,748,786,1533,705,746,1449,487,618,1104,481,587,1077,235,276,512
POA3106,8199,8762,16966,352,371,717,989,913,1904,532,472,1005,504,431,938,798,769,1571,955,1057,2010,993,1125,2112,1139,1316,2459,975,1137,2113,712,732,1447,262,436,696
POA3107,6783,7381,14164,322,371,696,835,840,1678,448,389,832,377,305,686,691,673,1358,849,947,1801,987,1057,2048,779,845,1622,586,812,1397,631,795,1424,260,351,613
POA3108,12045,13008,25054,590,556,1150,1239,1108,2341,630,598,1229,842,790,1628,1900,1996,3891,1691,1802,3495,1362,1570,2941,1352,1508,2862,1087,1363,2446,916,1158,2074,438,553,993
POA3109,14898,16028,30926,745,732,1477,2149,1957,4110,863,765,1630,918,786,1700,1661,1705,3366,2147,2441,4587,1856,2001,3857,1663,2050,3713,1413,1703,3120,1067,1310,2382,418,571,989
POA3111,6034,6613,12644,258,267,527,789,768,1552,412,393,805,376,350,728,512,549,1059,708,813,1526,869,947,1816,802,847,1648,633,723,1357,448,595,1040,228,355,584
POA3113,4277,4292,8562,201,197,400,630,548,1173,390,352,746,257,272,538,280,297,572,422,502,922,757,791,1546,624,661,1278,456,438,899,214,200,407,43,40,79
POA3114,1947,1888,3835,58,57,114,288,272,552,214,166,381,156,146,295,110,101,212,157,176,332,331,372,708,309,267,586,178,199,381,109,103,210,35,26,62
POA3115,1915,1927,3843,52,71,124,244,267,506,159,157,311,166,128,297,152,125,278,164,198,363,303,334,634,340,327,671,223,210,438,95,81,176,22,24,43
POA3116,5780,5995,11779,403,399,805,787,713,1502,379,351,725,349,345,694,769,771,1536,808,821,1629,723,779,1502,637,724,1362,524,645,1174,336,356,691,68,91,165
POA3121,15402,16135,31534,550,596,1157,892,981,1876,385,499,888,1126,1314,2441,4939,5118,10056,2687,2506,5200,1802,1781,3581,1480,1418,2896,917,1081,1998,458,578,1036,160,252,411
POA3122,10774,11549,22322,425,416,846,993,914,1900,716,612,1331,1077,1100,2174,2422,2562,4984,1510,1670,3183,1244,1358,2598,990,1121,2111,770,977,1741,474,573,1050,160,250,409
POA3123,7024,7809,14834,318,307,619,818,766,1586,380,389,767,545,636,1184,1408,1510,2922,1021,1094,2121,868,1016,1886,706,810,1517,522,660,1183,327,417,745,111,207,319
POA3124,10323,11642,21965,428,461,892,1318,1259,2578,732,807,1539,757,793,1550,1166,1181,2349,1157,1332,2488,1379,1661,3045,1307,1452,2757,1080,1185,2264,626,866,1492,367,639,1008
POA3125,7279,7872,15147,301,291,602,671,750,1421,441,582,1021,1060,928,1987,1478,1279,2765,899,905,1802,786,928,1713,652,739,1398,470,590,1060,317,518,838,194,349,545
POA3126,3672,4095,7773,137,113,253,491,489,982,288,336,626,274,249,523,303,302,603,355,439,795,478,618,1095,531,554,1083,424,500,923,263,305,570,120,204,323
POA3127,8845,9763,18608,378,345,727,1117,1130,2250,668,700,1370,645,631,1276,958,992,1950,1043,1165,2210,1285,1530,2814,1168,1281,2452,956,1115,2076,451,540,994,174,318,494
POA3128,10992,11849,22841,409,425,839,1009,979,1986,572,647,1219,1275,1262,2534,2475,2404,4879,1491,1574,3067,1286,1479,2762,1043,1153,2197,783,887,1665,414,610,1019,234,441,673
POA3129,8697,9241,17946,454,437,890,1106,1064,2165,588,547,1145,672,541,1216,1222,1261,2479,1187,1292,2481,1185,1333,2520,997,1118,2115,717,868,1580,409,503,913,157,278,435
POA3130,16117,16924,33044,816,682,1502,2189,2018,4204,1118,963,2079,1075,1012,2089,1892,1847,3737,2221,2369,4592,2244,2500,4743,1887,2017,3897,1303,1566,2867,904,1177,2079,464,782,1241
POA3131,11176,12011,23191,642,641,1289,1338,1301,2644,649,574,1222,707,613,1322,1545,1488,3038,1682,1797,3478,1504,1611,3115,1170,1324,2491,947,1136,2085,655,968,1625,335,561,895
POA3132,8126,8667,16795,497,495,997,981,1003,1983,476,395,874,509,476,986,1174,1202,2374,1291,1390,2675,1106,1199,2308,883,997,1876,693,796,1484,375,531,909,136,191,326
POA3133,11124,11829,22951,557,457,1011,1545,1469,3017,771,716,1487,713,603,1310,1005,1024,2031,1420,1648,3069,1527,1641,3171,1251,1348,2602,1192,1428,2617,857,1009,1864,279,477,758
POA3134,16971,17636,34607,982,886,1870,2223,1992,4217,1127,1010,2137,1064,973,2036,2210,2293,4504,2394,2609,5004,2344,2437,4788,1952,2134,4082,1462,1676,3141,880,1079,1964,325,541,863
POA3135,10125,10571,20698,643,632,1276,1370,1350,2718,634,559,1190,577,516,1093,1237,1305,2545,1518,1637,3153,1429,1476,2906,1155,1173,2329,830,1028,1856,519,640,1160,207,271,476
POA3136,22096,24205,46296,1463,1407,2866,2866,2747,5617,1264,1165,2430,1305,1242,2549,2905,3193,6097,3246,3390,6632,2766,3140,5903,2559,2917,5477,2043,2561,4606,1244,1645,2886,427,797,1221
POA3137,7013,7548,14558,502,431,930,896,803,1706,411,411,820,435,442,872,979,1094,2071,923,1043,1974,869,910,1783,862,936,1799,594,754,1343,410,510,920,136,216,346
POA3138,11433,11621,23059,815,738,1551,1558,1460,3022,719,632,1352,758,689,1447,1671,1683,3358,1658,1694,3351,1419,1476,2897,1192,1336,2520,977,1097,2074,539,601,1141,133,215,346
POA3139,7141,7118,14257,489,422,906,994,876,1863,465,449,916,437,403,836,914,972,1888,835,867,1701,970,1008,1973,963,984,1945,684,736,1416,328,322,650,71,89,158
POA3140,8424,8921,17348,513,457,967,1012,1005,2011,550,532,1077,540,528,1065,1166,1140,2302,1036,1098,2132,1101,1303,2405,1080,1115,2194,772,937,1708,500,569,1068,164,255,425
POA3141,11881,13149,25028,318,370,690,548,525,1070,353,395,745,888,1302,2184,4019,4525,8542,2176,2010,4185,1200,1246,2443,1057,1033,2095,743,948,1692,453,574,1024,138,226,360
POA3142,5959,6862,12817,219,178,405,495,497,992,293,346,634,396,469,863,893,977,1870,651,711,1361,675,853,1530,781,895,1678,787,961,1746,560,667,1226,212,303,514
POA3143,4268,5111,9376,215,218,430,391,371,760,152,185,339,276,389,665,884,1050,1938,635,751,1388,539,644,1186,380,515,901,413,490,905,286,361,647,86,129,218
POA3144,5062,5700,10763,236,203,434,605,576,1180,348,326,678,324,331,652,614,686,1304,577,655,1232,684,797,1485,618,692,1311,471,669,1142,407,510,913,171,251,419
POA3145,11508,12084,23594,558,537,1092,1330,1289,2617,740,731,1473,988,1004,1996,1826,1733,3558,1467,1506,2974,1562,1674,3235,1255,1407,2668,963,1124,2088,570,648,1221,247,430,680
POA3146,12565,13567,26131,644,597,1241,1698,1573,3275,866,907,1776,896,949,1843,1594,1615,3208,1613,1796,3406,1825,2070,3891,1520,1680,3207,1088,1240,2323,627,786,1407,192,353,548
POA3147,7439,7664,15102,438,348,787,1042,948,1991,486,477,962,496,397,897,898,861,1756,1000,1058,2053,1037,1169,2205,893,927,1825,600,700,1299,376,462,835,162,330,489
POA3148,4783,4769,9552,257,304,563,490,449,941,209,193,392,385,340,724,1127,968,2094,773,782,1561,539,563,1106,415,469,880,315,350,660,186,250,439,85,94,181
POA3149,17373,17968,35340,787,764,1552,2251,2197,4442,1181,1099,2287,1318,1126,2437,2300,1987,4286,2271,2547,4812,2334,2516,4847,1994,2097,4094,1386,1607,2997,1021,1370,2397,531,656,1186
POA3150,31094,32202,63298,1170,1127,2296,4090,3709,7802,2121,1858,3983,2323,1865,4188,3553,3171,6723,3890,4365,8253,3925,4357,8285,3486,3792,7282,3069,3643,6710,2433,2779,5209,1034,1538,2567
POA3151,5243,5432,10675,211,215,425,508,524,1034,276,235,513,457,365,824,808,785,1592,693,665,1360,661,700,1367,572,612,1183,446,567,1015,428,566,996,184,190,372
POA3152,16899,18039,34940,871,858,1726,2185,1995,4184,1036,946,1982,1069,983,2045,2000,1959,3958,2340,2512,4851,2064,2271,4337,2046,2388,4440,1955,2175,4136,948,1188,2140,379,758,1139
POA3153,10379,10894,21276,635,661,1293,1258,1141,2405,545,454,996,592,590,1176,1638,1712,3345,1706,1709,3414,1283,1333,2614,1146,1230,2374,861,1043,1903,520,624,1139,204,400,612
POA3154,2210,2295,4500,147,113,256,331,281,612,129,147,273,112,109,225,236,288,525,299,301,599,314,346,658,287,287,574,203,234,435,107,117,225,43,77,115
POA3155,11519,12142,23660,719,721,1439,1356,1236,2597,598,509,1107,635,654,1289,1806,1939,3750,1783,1821,3608,1494,1484,2978,1236,1410,2649,1073,1288,2356,613,758,1365,201,313,517
POA3156,18997,19486,38484,1086,1037,2130,2408,2172,4575,1251,1177,2429,1220,1073,2295,2385,2388,4772,2573,2734,5309,2676,2841,5521,2480,2649,5126,1746,1934,3675,909,1074,1980,261,411,670
POA3158,3408,3405,6818,218,181,396,493,428,918,224,191,421,191,168,359,375,374,744,467,493,962,501,542,1044,472,496,971,342,382,721,113,106,222,20,38,56
POA3159,1294,1300,2593,83,64,149,177,183,360,99,87,185,65,76,145,112,113,225,178,209,380,213,202,415,162,194,357,143,117,262,52,51,106,11,8,20
POA3160,4520,4506,9024,267,226,493,605,575,1184,319,272,586,260,228,481,473,502,974,659,704,1359,694,676,1371,592,643,1238,450,476,926,175,165,343,29,42,73
POA3161,8112,8790,16903,433,442,872,903,877,1786,419,413,830,600,734,1329,1532,1530,3062,1110,1128,2235,894,990,1882,768,884,1650,880,919,1799,385,490,878,185,397,580
POA3162,8756,9319,18075,472,478,954,1079,1096,2174,517,468,978,566,455,1024,1078,1160,2236,1150,1283,2429,1173,1269,2439,998,1033,2030,979,1100,2078,506,566,1079,237,405,649
POA3163,16007,16810,32810,847,767,1614,1596,1512,3116,667,631,1302,1187,1245,2432,3369,3554,6918,2674,2634,5306,1922,2026,3949,1599,1742,3342,1206,1389,2593,666,862,1529,263,454,718
POA3165,14777,15386,30159,870,834,1709,2357,2088,4442,1008,930,1946,809,745,1549,1562,1529,3090,2196,2499,4691,2287,2437,4718,1650,1720,3373,1110,1279,2387,607,820,1422,324,509,830
POA3166,12194,12557,24753,673,609,1283,1290,1250,2539,564,623,1189,1048,997,2048,2277,2119,4401,1795,1776,3572,1633,1741,3379,1276,1374,2643,822,953,1773,527,701,1230,287,416,699
POA3167,4905,4946,9851,276,277,553,560,524,1082,256,189,444,300,266,565,765,706,1471,728,706,1435,592,640,1235,579,617,1197,454,531,981,297,315,616,98,169,271
POA3168,11681,10201,21880,455,360,816,559,565,1119,626,698,1327,2537,2096,4638,3852,2761,6618,1394,1120,2511,749,706,1454,570,656,1226,429,494,927,302,435,732,204,318,525
POA3169,10541,10285,20820,571,541,1112,966,913,1875,481,476,953,886,681,1561,2215,1769,3982,1480,1411,2888,1168,1174,2344,1019,1146,2165,936,1084,2020,596,742,1339,224,348,575
POA3170,9982,9903,19889,558,528,1090,1309,1117,2428,549,502,1056,627,511,1141,1449,1260,2704,1414,1478,2894,1274,1322,2599,1015,1061,2073,884,1080,1965,695,730,1420,202,316,519
POA3171,11408,10765,22174,626,552,1178,1057,979,2036,578,512,1090,1018,847,1860,2488,2050,4535,1562,1423,2990,1240,1276,2524,1165,1175,2332,881,936,1821,546,651,1197,256,357,614
POA3172,11544,11716,23261,558,536,1094,1472,1377,2847,735,702,1440,801,712,1511,1442,1356,2795,1482,1588,3069,1508,1590,3098,1477,1524,3004,1174,1252,2424,656,765,1422,233,322,552
POA3173,14925,15094,30018,962,907,1868,2067,1961,4030,970,912,1886,1070,913,1975,2167,2103,4260,2284,2442,4723,1834,2009,3843,1602,1589,3188,1177,1325,2507,627,649,1276,171,279,456
POA3174,19950,19743,39693,1260,1227,2488,2043,1991,4034,1017,981,1997,1535,1422,2955,3858,3543,7405,2884,2799,5684,2280,2242,4524,2111,2084,4194,1598,1800,3401,1033,1116,2145,333,535,868
POA3175,27627,25919,53545,1793,1673,3467,3168,3044,6213,1450,1381,2830,1893,1740,3630,5274,4350,9625,4242,3666,7909,3243,2786,6032,2676,2652,5326,2101,2344,4447,1310,1524,2828,473,754,1233
POA3177,6245,5645,11889,447,450,896,732,696,1429,336,331,662,422,355,780,1267,1009,2272,1009,780,1790,716,567,1287,585,568,1156,433,466,889,233,288,522,61,135,200
POA3178,16539,17031,33571,825,765,1594,2068,1957,4028,1153,1071,2225,1253,1097,2349,1892,1891,3783,2019,2158,4175,2330,2676,5010,2502,2624,5126,1504,1575,3073,770,887,1661,225,329,554
POA3179,3057,3007,6066,145,140,285,406,367,768,225,200,423,232,180,409,362,327,693,434,481,913,423,459,885,381,367,746,285,318,603,132,135,272,29,29,64
POA3180,3741,3907,7645,195,197,394,483,397,885,223,236,462,237,217,454,461,468,934,554,571,1125,468,525,992,438,465,900,364,444,806,244,325,563,65,65,129
POA3181,9591,10046,19636,345,348,695,413,422,834,228,245,467,677,893,1571,3083,3183,6275,1785,1616,3405,1077,1004,2090,828,800,1634,555,661,1217,405,508,909,189,361,555
POA3182,11278,11156,22438,346,311,654,498,516,1014,249,254,501,632,726,1358,3139,3325,6460,2183,2092,4273,1549,1514,3063,1387,1238,2619,853,768,1624,371,308,679,73,109,184
POA3183,8854,9103,17964,521,467,988,897,865,1761,353,353,707,579,640,1218,2203,2300,4506,1549,1601,3155,1065,1081,2145,778,780,1565,579,578,1159,232,298,535,87,139,225
POA3184,7154,8004,15153,349,346,697,674,608,1279,282,238,517,323,400,721,1448,1856,3301,1316,1524,2841,1142,1260,2401,845,935,1779,524,522,1042,201,226,425,59,89,147
POA3185,6327,7109,13433,354,358,714,778,795,1570,313,405,724,356,406,764,1076,1251,2322,976,1006,1984,863,965,1827,699,765,1464,542,618,1158,269,342,606,100,190,288
POA3186,10956,12292,23252,452,456,909,1375,1333,2707,779,757,1534,614,580,1191,894,952,1845,1117,1325,2442,1578,1921,3506,1568,1766,3338,1341,1540,2878,882,1071,1957,357,592,958
POA3187,8014,8744,16757,365,379,741,1297,1126,2425,646,582,1229,440,397,834,577,562,1139,887,1029,1916,1244,1409,2653,1019,1103,2123,764,857,1617,498,727,1221,276,573,854
POA3188,8967,9627,18587,414,458,875,1275,1117,2393,679,588,1272,576,472,1053,800,862,1663,1058,1280,2338,1451,1585,3035,1301,1382,2686,810,1003,1811,462,615,1071,140,247,394
POA3189,3092,3194,6287,229,189,419,389,356,753,166,150,311,149,145,301,407,425,832,504,556,1061,433,433,876,337,359,695,236,297,530,181,173,358,63,98,161
POA3190,5710,6299,12007,364,381,753,717,737,1458,312,305,622,295,266,566,770,831,1602,903,980,1884,901,961,1855,592,727,1323,466,577,1043,264,342,603,109,185,291
POA3191,5143,5774,10926,225,209,433,655,649,1302,348,355,702,279,237,509,394,435,832,606,687,1297,843,913,1748,740,841,1580,565,698,1262,346,426,764,146,343,488
POA3192,11547,12588,24129,727,691,1420,1497,1427,2928,641,637,1271,600,589,1194,1471,1557,3028,1842,1933,3776,1640,1759,3402,1266,1362,2623,903,1154,2063,623,856,1477,337,621,954
POA3193,9687,10514,20207,370,354,724,1347,1382,2734,775,741,1511,548,486,1035,530,607,1135,870,1068,1937,1574,1776,3352,1488,1560,3044,1224,1363,2581,718,798,1513,248,386,631
POA3194,6278,6944,13221,297,305,597,731,749,1478,336,349,683,332,309,647,799,912,1710,906,1000,1902,948,1069,2010,775,822,1599,601,699,1299,401,486,889,156,251,403
POA3195,18050,19317,37364,968,919,1886,2639,2445,5087,1292,1275,2565,1051,1007,2054,1735,1858,3595,2375,2709,5080,2896,3231,6126,2333,2510,4844,1603,1745,3344,832,1084,1920,322,536,863
POA3196,12767,14107,26876,841,828,1677,1635,1536,3167,626,606,1238,565,582,1148,1645,1874,3520,2031,2182,4212,1826,1956,3779,1517,1715,3231,1150,1444,2590,694,902,1596,234,476,718
POA3197,5801,6228,12032,357,348,708,631,656,1284,332,307,633,301,257,556,660,646,1299,738,825,1558,854,992,1846,849,884,1736,667,763,1430,322,400,721,88,161,252
POA3198,8436,8780,17215,581,599,1179,1003,852,1853,410,373,783,406,394,802,1133,1217,2352,1315,1365,2682,1228,1213,2445,967,1070,2036,744,938,1682,495,521,1016,140,238,385
POA3199,27261,28866,56127,1544,1529,3076,3399,3288,6691,1668,1484,3155,1578,1530,3103,3705,3755,7461,3620,3926,7548,3637,3859,7493,3272,3504,6781,2679,3067,5745,1583,1938,3516,579,975,1559
POA3200,2854,2851,5711,195,179,376,338,303,643,147,140,291,167,179,341,481,486,963,352,361,711,340,329,671,385,320,700,245,230,473,147,197,349,60,136,194
POA3201,10727,11259,21976,781,729,1507,1372,1332,2706,640,533,1171,638,666,1308,1778,1910,3684,1570,1628,3199,1437,1445,2883,1244,1307,2557,773,929,1703,345,487,835,144,282,423
POA3202,1386,1441,2826,64,75,139,228,208,437,103,104,208,65,70,134,134,140,271,174,207,382,251,277,528,149,161,317,126,121,246,60,60,120,21,20,43
POA3204,16140,16991,33130,814,745,1567,2319,2176,4498,1192,1073,2264,1124,964,2089,2108,2097,4204,2226,2514,4746,2439,2783,5219,1888,1980,3868,1217,1389,2601,594,817,1412,214,448,665
POA3205,5671,5877,11548,257,229,482,464,393,853,183,204,384,309,324,636,1225,1276,2507,967,1034,1999,829,819,1653,681,645,1323,409,496,903,235,295,531,107,172,278
POA3206,4810,5235,10043,252,250,507,581,612,1185,256,277,533,194,175,364,418,483,899,642,718,1355,767,891,1656,698,727,1426,530,564,1093,369,415,782,106,127,231
POA3207,8439,9196,17633,412,425,836,792,796,1591,361,318,681,337,363,701,1295,1419,2713,1455,1670,3128,1391,1511,2905,1084,1162,2242,772,903,1671,427,500,924,108,130,240
POA3211,693,659,1353,29,30,56,105,102,205,52,44,100,43,47,97,54,47,97,82,83,167,105,110,218,111,114,220,70,61,137,33,21,52,7,6,16
POA3212,10048,9221,19272,627,596,1218,1259,1238,2498,590,512,1101,588,469,1058,1706,1330,3035,1563,1325,2892,1334,1243,2572,1076,963,2032,821,926,1747,383,434,819,108,183,291
POA3213,2401,2352,4753,118,111,228,357,332,695,154,181,333,194,160,354,280,266,543,261,299,558,370,371,743,355,339,689,189,181,370,98,86,187,24,22,45
POA3214,12046,12452,24500,713,677,1393,1490,1418,2910,899,881,1782,896,871,1765,1967,1898,3861,1360,1465,2829,1440,1535,2974,1425,1525,2952,1105,1239,2343,564,679,1242,182,272,453
POA3215,10565,11423,21994,597,590,1180,1140,1187,2324,568,532,1099,666,661,1326,1668,1665,3335,1262,1381,2646,1306,1371,2679,1195,1296,2493,1126,1320,2442,715,908,1622,323,511,839
POA3216,29203,30920,60123,1689,1550,3237,3652,3431,7084,1889,1856,3748,2519,2256,4772,4346,4068,8409,3578,3931,7511,3428,3727,7154,3024,3450,6475,2660,3201,5857,1709,2201,3913,708,1247,1953
POA3217,9931,10562,20499,1078,1011,2094,1502,1413,2909,466,465,936,722,875,1597,2247,2492,4741,1695,1745,3436,864,947,1809,614,757,1366,474,555,1025,211,200,410,60,109,168
POA3218,7219,7724,14942,521,509,1030,868,861,1727,329,335,672,452,499,944,1210,1322,2530,1154,1185,2335,923,977,1897,801,892,1695,595,641,1240,279,346,626,89,157,239
POA3219,9695,10617,20309,497,480,972,1032,943,1978,538,482,1023,736,669,1409,1534,1571,3107,1141,1204,2350,1171,1370,2546,1239,1460,2701,1045,1244,2290,551,829,1384,201,361,561
POA3220,8349,8922,17270,412,377,786,1031,954,1990,513,484,1005,555,661,1208,1221,1203,2430,1013,1105,2114,1094,1169,2258,1076,1202,2279,869,1009,1875,434,527,956,136,228,362
POA3221,400,399,801,16,22,41,61,63,124,31,34,64,18,20,35,25,33,57,49,47,96,61,68,131,59,55,113,50,51,97,16,11,27,6,7,12
POA3222,8968,9612,18576,492,456,950,1180,1087,2266,538,485,1026,443,404,846,916,951,1871,1000,1120,2120,1050,1159,2205,1124,1454,2575,1336,1399,2736,687,770,1456,203,323,522
POA3223,4632,4901,9536,147,128,279,371,348,724,149,155,305,152,137,289,322,306,627,352,399,752,529,586,1108,810,951,1762,1096,1147,2250,569,567,1134,136,180,314
POA3224,7335,7759,15101,465,400,866,920,832,1755,435,413,849,416,342,752,844,923,1768,832,935,1766,889,961,1854,867,981,1851,878,1018,1893,607,697,1298,192,250,439
POA3225,2539,2873,5408,85,92,176,222,225,450,108,87,194,78,81,157,140,141,277,187,221,407,236,297,534,384,488,873,616,658,1275,357,412,771,125,169,298
POA3226,8394,9323,17714,500,499,1003,1298,1251,2545,473,463,933,339,332,669,739,843,1584,1137,1279,2416,1045,1237,2292,1046,1287,2333,1140,1283,2420,509,582,1097,169,258,424
POA3227,2662,2799,5459,94,100,196,435,420,854,179,141,320,88,93,185,142,153,298,299,340,644,404,439,843,368,430,796,426,434,860,184,171,356,42,63,112
POA3228,11850,12330,24181,812,822,1631,1946,1736,3679,688,663,1351,535,489,1026,1132,1270,2397,1819,2044,3860,1673,1761,3438,1299,1390,2690,1243,1291,2537,545,609,1151,168,251,420
POA3230,1574,1637,3208,92,71,161,167,131,298,61,58,122,54,46,104,119,139,254,163,172,333,179,190,361,249,291,543,297,319,613,157,151,306,35,75,102
POA3231,778,795,1571,28,13,42,67,61,134,39,33,69,33,14,47,49,53,99,54,62,114,109,113,221,161,194,358,162,152,317,65,67,138,17,19,33
POA3232,694,630,1327,24,14,40,48,38,85,34,14,52,34,15,56,97,77,172,52,53,108,67,66,130,112,120,226,141,134,271,66,61,125,28,35,56
POA3233,1177,1189,2363,40,44,87,106,105,214,47,47,93,40,24,65,113,113,220,104,123,228,162,161,320,207,204,410,224,222,449,95,116,218,26,39,69
POA3234,125,115,237,8,4,11,8,15,26,9,0,7,3,4,6,11,11,17,13,8,18,20,18,35,28,16,45,29,31,54,8,5,16,0,0,0
POA3235,254,254,515,18,9,22,36,29,65,13,17,31,4,8,9,18,20,39,27,33,67,34,44,77,50,48,99,37,27,69,16,12,22,0,4,6
POA3236,119,142,257,4,0,10,5,18,26,4,3,7,5,0,10,12,18,29,12,15,26,12,15,33,28,30,57,23,23,39,4,6,16,0,4,4
POA3237,148,132,276,3,5,8,10,13,17,8,7,12,8,0,5,12,6,23,17,12,32,28,26,56,32,38,67,23,19,36,10,5,10,0,0,0
POA3238,137,115,251,4,5,9,16,12,26,9,4,9,3,0,5,5,9,15,19,16,35,24,22,43,38,31,69,13,11,24,8,0,5,0,4,4
POA3239,247,241,491,6,14,23,26,30,49,16,15,29,4,11,17,26,23,47,21,22,45,35,44,81,49,35,90,47,42,89,14,4,17,0,0,0
POA3240,1105,1059,2169,69,70,138,168,156,322,70,84,156,64,36,101,80,96,175,155,164,322,161,155,320,169,154,322,116,99,213,50,32,82,6,13,20
POA3241,1516,1556,3072,97,96,193,176,153,328,95,88,179,75,61,133,197,204,402,178,195,373,169,209,378,222,217,438,192,181,375,84,108,191,26,55,77
POA3242,479,462,942,39,25,65,65,54,120,29,14,43,22,12,33,40,68,104,65,58,125,59,52,110,62,77,140,75,73,147,35,21,52,5,0,5
POA3243,219,178,392,9,8,12,29,13,41,19,4,22,11,5,14,18,19,36,25,26,48,29,32,62,24,27,52,43,41,85,14,7,23,0,3,6
POA3249,1757,1608,3368,93,63,153,239,228,472,120,103,222,83,60,140,142,147,289,173,189,363,233,230,468,306,261,570,240,227,459,104,74,182,22,23,44
POA3250,6256,6503,12756,356,336,690,777,706,1483,358,347,704,356,326,677,852,799,1657,714,698,1409,727,767,1489,736,819,1553,708,826,1536,492,561,1056,173,327,502
POA3251,282,246,524,12,8,24,27,27,57,16,8,23,6,5,14,27,20,49,37,34,70,32,39,72,48,43,90,58,41,94,15,10,27,5,9,11
POA3254,179,180,358,13,12,22,32,29,60,17,13,26,12,7,17,23,26,53,21,21,44,15,15,36,23,29,55,10,18,22,11,0,14,0,0,0
POA3260,2398,2402,4801,101,107,208,301,268,563,142,123,264,119,81,205,224,213,442,233,242,472,303,297,597,344,357,698,379,366,743,203,256,455,55,93,148
POA3264,1094,1162,2254,52,42,96,131,122,256,66,49,113,58,54,106,126,109,232,92,125,220,127,133,262,160,207,359,156,148,298,90,117,204,42,56,105
POA3265,1460,1369,2827,84,89,170,197,210,405,114,100,214,67,61,128,155,162,312,152,147,294,201,210,412,249,221,463,158,121,277,64,45,114,22,20,40
POA3266,1523,1521,3047,76,69,141,203,184,390,98,86,186,93,76,164,148,159,309,125,143,272,201,217,419,220,222,443,187,173,354,119,139,264,48,54,111
POA3267,109,99,214,8,0,5,13,16,23,0,7,11,7,0,7,11,10,23,7,10,17,16,14,28,33,22,48,12,14,23,11,3,12,0,3,4
POA3268,1325,1222,2552,71,48,125,151,146,299,94,83,177,67,65,132,148,109,259,147,144,294,177,153,328,211,200,407,164,135,296,74,91,168,24,45,66
POA3269,341,330,676,19,25,42,34,52,85,19,16,36,14,11,30,47,40,85,39,39,79,46,44,92,51,48,96,50,39,91,13,13,27,4,10,14
POA3270,165,151,322,7,9,20,20,14,34,5,12,13,4,0,10,14,13,31,12,16,29,19,17,39,35,23,61,25,25,51,23,16,33,7,6,6
POA3271,106,81,188,3,6,6,7,5,14,11,7,15,5,4,12,5,7,18,6,6,16,13,15,29,19,13,33,22,7,28,3,0,8,0,0,3
POA3272,792,845,1641,45,39,82,109,103,207,35,40,80,36,33,70,77,90,165,71,85,157,101,89,189,97,145,245,123,119,243,63,75,144,22,40,64
POA3273,64,70,130,0,0,3,4,7,14,4,10,12,0,4,3,6,4,8,3,4,4,7,10,22,17,18,32,10,12,15,11,3,10,0,0,0
POA3274,133,125,256,5,9,22,16,15,31,3,6,15,6,3,13,14,10,18,19,17,28,8,15,25,17,17,35,21,16,42,7,7,15,0,5,3
POA3275,251,233,490,10,11,26,37,38,79,25,13,38,24,19,40,36,23,62,25,32,60,43,36,80,29,25,55,24,19,44,0,3,7,0,3,3
POA3276,219,217,437,10,13,22,33,14,50,14,17,33,9,19,31,21,19,39,27,24,45,26,31,54,37,46,80,32,29,54,6,6,12,0,4,4
POA3277,902,919,1820,41,60,100,136,124,259,53,56,105,47,42,83,110,105,215,102,116,212,111,129,243,144,123,259,121,106,227,37,47,89,10,12,26
POA3278,178,161,343,12,17,22,26,22,48,9,3,11,5,6,12,20,22,43,23,19,37,34,28,59,23,24,46,18,14,30,12,9,16,0,4,7
POA3279,140,162,300,12,11,22,18,28,49,13,19,35,15,8,20,11,18,31,19,15,26,30,27,57,16,12,30,11,13,23,7,4,12,0,0,0
POA3280,15977,17323,33298,928,803,1731,2104,1924,4025,987,970,1954,877,881,1762,2144,2180,4326,1904,2059,3958,1931,2182,4113,1962,2330,4290,1786,2050,3832,995,1271,2269,378,672,1049
POA3281,936,921,1857,50,60,109,164,150,312,66,73,138,26,42,68,75,79,153,121,135,259,148,139,288,115,126,248,116,87,199,41,29,74,10,6,14
POA3282,1205,1277,2488,79,83,158,172,162,336,62,80,144,51,52,103,122,153,274,131,151,283,157,157,313,176,192,369,166,147,318,70,82,155,19,33,43
POA3283,724,696,1423,39,42,83,101,80,184,59,30,91,35,26,66,70,67,133,66,92,155,102,106,205,107,127,238,105,94,205,38,21,58,3,5,6
POA3284,1813,2046,3860,85,92,176,255,244,496,103,84,192,41,53,91,123,166,285,210,220,431,201,231,432,234,297,532,319,361,686,170,196,368,63,103,166
POA3285,648,608,1255,38,25,63,81,88,163,47,44,91,31,21,46,44,36,84,73,79,150,102,99,198,115,84,198,88,94,183,42,29,68,0,8,9
POA3286,266,264,532,0,8,15,43,28,74,17,23,40,10,12,16,22,21,40,27,26,55,22,41,63,50,45,91,50,39,95,19,15,36,7,11,13
POA3287,214,204,418,6,13,23,27,29,58,18,14,33,16,12,31,24,24,50,22,18,45,35,37,69,33,42,76,17,12,23,10,12,19,4,4,4
POA3289,427,377,804,29,20,47,64,30,99,24,22,48,9,14,31,33,27,57,41,40,83,57,46,105,69,77,149,70,51,125,21,25,47,5,25,30
POA3292,103,92,191,3,3,9,3,9,8,0,4,4,0,0,0,6,0,13,11,6,19,9,16,23,24,19,40,36,26,62,5,13,14,0,4,4
POA3293,175,163,336,3,10,15,31,12,41,10,4,14,8,10,17,9,15,24,16,16,38,25,22,51,27,28,57,27,29,51,12,10,21,3,3,3
POA3294,488,478,967,23,20,41,65,65,136,33,16,38,16,12,32,55,42,96,48,70,115,55,56,110,62,64,131,92,88,175,37,31,68,9,7,17
POA3300,5027,5448,10479,308,281,588,596,584,1180,312,316,622,282,258,538,595,574,1169,509,558,1066,563,625,1189,646,746,1388,645,725,1373,417,526,939,164,266,426
POA3301,640,625,1267,31,32,62,89,88,174,44,46,89,23,19,46,62,57,114,44,59,105,97,99,196,106,105,210,110,96,206,31,29,59,3,0,6
POA3302,179,173,356,5,6,8,22,19,41,11,9,19,4,9,10,22,14,39,20,23,43,25,29,54,37,28,60,24,20,49,13,9,27,0,4,4
POA3303,156,126,282,12,3,12,18,18,33,8,12,20,3,5,8,12,20,35,17,17,34,28,32,59,23,12,34,14,12,27,8,7,14,3,0,7
POA3304,1430,1351,2786,75,59,132,181,149,334,65,62,128,62,40,100,134,129,260,145,137,287,152,184,331,247,234,473,241,215,458,103,87,194,25,58,79
POA3305,6615,6731,13344,306,295,599,747,733,1483,413,350,770,332,277,611,607,681,1291,670,741,1416,891,916,1808,1048,1076,2126,986,948,1932,460,476,937,145,230,374
POA3309,63,61,122,0,0,3,12,12,17,4,7,12,4,6,8,0,0,0,5,4,11,14,9,20,6,10,11,12,9,16,14,5,14,0,0,0
POA3310,132,130,263,7,0,3,4,11,14,7,7,15,9,3,7,8,5,16,16,10,26,17,13,31,33,42,71,30,21,54,20,16,30,0,0,3
POA3311,809,894,1707,28,36,57,60,61,125,41,34,74,34,38,72,77,56,136,51,59,110,85,87,170,155,169,321,157,149,299,89,136,226,35,69,110
POA3312,531,492,1023,27,33,62,76,51,126,19,30,49,18,17,34,48,38,92,41,54,95,71,69,146,94,75,171,80,82,165,44,28,75,4,8,8
POA3314,294,277,569,15,22,36,40,36,72,18,10,27,10,10,19,25,29,47,39,36,72,33,38,71,45,39,82,47,49,94,17,12,30,0,6,10
POA3315,842,844,1686,31,42,74,87,95,179,49,33,83,36,43,77,65,60,126,79,82,168,110,93,207,153,152,306,147,113,265,60,66,131,22,61,80
POA3317,103,84,184,3,8,13,8,6,15,8,4,19,4,0,4,12,4,15,5,6,17,18,17,35,17,18,32,14,7,22,5,11,18,0,6,7
POA3318,607,638,1243,30,39,76,56,63,115,29,23,54,18,11,28,56,60,114,61,60,119,77,78,150,94,111,209,111,100,214,55,57,110,22,45,65
POA3319,216,197,410,9,9,23,16,19,37,10,5,14,11,3,15,21,10,33,20,13,32,28,27,56,46,49,92,34,33,67,14,16,30,0,8,3
POA3321,902,883,1780,68,65,134,161,145,298,66,57,119,28,38,67,86,77,157,117,152,265,144,119,268,128,125,252,81,74,151,31,20,53,0,9,7
POA3322,92,85,176,3,8,10,9,7,15,4,0,9,0,3,9,10,8,18,8,8,14,9,13,19,19,15,35,13,13,29,7,9,22,0,0,5
POA3323,49,43,91,0,0,10,0,4,4,0,3,6,0,3,6,5,6,12,8,3,5,5,9,12,6,7,15,10,7,12,6,3,5,0,4,6
POA3324,298,281,577,15,11,30,27,38,63,14,9,24,20,16,36,24,24,51,40,28,71,22,34,53,50,57,109,51,40,95,21,17,40,11,6,19
POA3325,241,220,456,18,11,27,32,19,49,12,4,17,9,3,7,21,19,40,20,22,41,22,28,47,46,48,97,33,41,78,20,20,43,6,6,11
POA3328,1165,1145,2308,90,78,169,196,186,381,86,63,149,49,48,103,133,117,251,158,196,354,170,156,329,139,155,293,98,107,206,40,25,64,8,5,19
POA3329,154,151,309,9,11,20,17,25,48,11,6,17,6,6,12,18,18,37,24,24,43,19,14,34,21,21,42,22,18,41,7,6,12,0,0,0
POA3330,109,102,208,0,4,11,18,11,25,10,7,17,4,4,8,17,16,32,11,10,28,19,17,32,9,10,22,14,14,22,6,3,8,0,5,3
POA3331,3631,3566,7202,290,253,545,635,559,1197,250,230,476,188,134,330,432,448,881,498,567,1062,490,486,978,335,332,665,317,315,632,159,158,313,43,85,127
POA3332,593,587,1181,25,34,62,100,105,206,32,45,76,29,24,55,68,63,128,81,94,167,87,74,166,89,90,181,55,41,96,14,11,29,0,6,7
POA3333,446,419,864,15,20,38,62,55,115,33,15,48,18,16,34,44,44,88,54,56,106,65,61,126,71,72,145,63,47,107,25,23,46,6,12,14
POA3334,269,278,544,6,7,20,22,41,62,23,20,46,12,7,20,18,22,45,28,32,57,47,44,90,42,49,95,50,30,80,17,15,30,6,4,4
POA3335,3157,3044,6195,362,364,728,375,388,764,127,120,246,200,200,399,805,891,1693,612,472,1088,278,234,513,199,206,406,137,139,276,46,33,79,3,5,8
POA3336,8760,8975,17737,1069,1048,2117,1583,1567,3149,460,438,901,492,452,941,1689,1963,3653,2012,1937,3947,803,759,1560,363,475,836,235,261,497,55,65,115,6,12,19
POA3337,20005,20721,40724,1585,1538,3122,3217,3145,6368,1304,1286,2595,1309,1206,2510,2871,3063,5925,2904,3171,6076,2425,2529,4958,1961,2123,4084,1606,1762,3370,702,702,1403,125,192,317
POA3338,18295,18769,37062,1942,1864,3805,3204,3184,6390,1011,998,2012,1080,1090,2166,3074,3584,6658,3221,3023,6242,1895,1805,3697,1282,1392,2677,1060,1192,2249,427,450,872,104,189,293
POA3340,12546,13073,25614,873,817,1694,1909,1725,3635,725,717,1436,706,716,1420,1779,1861,3634,1764,1817,3580,1574,1673,3240,1314,1474,2788,1204,1301,2510,550,676,1229,156,293,448
POA3341,833,807,1644,35,51,83,121,104,226,53,45,99,44,38,85,67,77,142,100,108,202,152,137,285,133,128,262,89,77,160,42,36,77,4,11,12
POA3342,1938,2005,3946,108,115,228,262,247,514,110,90,201,86,62,152,202,229,431,264,265,523,253,278,525,281,303,587,210,228,439,135,118,254,26,68,93
POA3345,687,707,1393,40,53,90,92,104,193,47,40,89,23,25,43,68,60,127,88,107,199,103,102,211,114,108,220,81,73,150,27,28,59,4,11,11
POA3350,31692,34328,66022,1903,1841,3751,4316,4085,8401,2051,1958,4003,2094,2181,4277,4476,4495,8965,4011,4533,8546,3808,4264,8075,3580,4141,7719,3151,3652,6800,1706,2105,3809,597,1072,1662
POA3351,4705,4402,9106,258,246,507,681,620,1299,319,288,606,259,216,482,453,439,898,555,547,1106,663,665,1328,680,687,1374,577,465,1044,215,179,397,34,40,75
POA3352,9797,9128,18922,593,542,1137,1480,1348,2837,662,582,1242,459,427,891,999,1051,2048,1229,1230,2452,1414,1346,2754,1346,1226,2579,1096,931,2032,427,358,786,79,86,165
POA3355,6279,6779,13059,334,326,667,734,665,1403,419,423,847,398,398,794,906,848,1752,579,666,1246,739,812,1550,773,812,1586,697,854,1553,503,640,1137,190,339,530
POA3356,7298,8303,15601,423,464,886,951,868,1824,428,432,862,543,542,1085,1108,1216,2323,839,913,1753,793,920,1713,821,961,1781,757,1018,1775,458,630,1090,176,342,517
POA3357,1832,1962,3797,88,83,170,313,335,647,114,125,235,66,55,123,123,109,228,208,249,461,278,303,581,254,274,532,255,284,536,107,104,209,17,41,58
POA3358,1664,1780,3440,165,189,348,298,255,551,77,88,164,114,157,269,388,413,806,231,252,485,157,170,336,113,129,243,66,89,159,41,31,74,6,6,13
POA3360,407,398,803,15,17,34,49,48,99,16,17,31,15,10,29,44,40,87,33,39,72,68,68,129,61,53,117,62,66,131,32,28,62,4,8,12
POA3361,343,351,695,3,11,15,41,49,88,24,24,45,13,13,24,24,27,50,34,39,71,41,47,90,74,66,137,50,31,80,29,25,61,3,26,29
POA3363,1769,1837,3598,103,84,187,214,201,405,82,81,167,72,58,123,153,165,314,180,203,377,251,230,477,252,287,535,260,286,548,153,160,314,64,85,145
POA3364,1152,1120,2272,51,58,111,151,135,286,54,69,120,37,32,69,90,99,189,132,136,265,164,162,331,185,179,361,192,185,379,78,51,127,12,22,35
POA3370,959,943,1900,49,47,97,99,66,166,44,44,83,39,29,69,72,78,149,96,98,197,135,138,274,162,177,342,167,148,316,81,79,158,24,32,54
POA3371,568,516,1090,16,9,25,40,47,90,31,33,65,29,17,44,26,29,55,34,38,72,76,84,159,136,125,262,130,97,226,36,27,62,16,7,27
POA3373,1218,1235,2453,51,49,95,128,136,265,74,67,141,56,51,105,82,104,187,109,123,236,170,170,348,188,192,373,226,199,425,97,104,200,34,48,77
POA3374,219,208,425,4,11,10,27,14,45,8,14,22,6,8,11,15,8,24,18,23,44,36,36,70,33,33,70,47,34,86,15,21,39,0,0,3
POA3375,113,127,236,6,5,13,14,27,37,4,8,9,8,3,10,8,6,11,9,17,30,21,17,37,15,24,40,13,14,24,10,11,17,0,4,3
POA3377,5095,4503,9602,230,224,451,510,447,962,240,229,470,256,232,484,730,529,1260,599,461,1056,647,559,1206,724,636,1359,683,616,1291,350,386,744,131,188,321
POA3378,71,69,140,5,6,7,20,11,30,0,5,5,3,3,6,10,7,12,12,10,19,9,10,16,9,9,17,10,7,14,0,0,0,0,0,0
POA3379,381,368,749,14,19,33,35,46,76,16,13,28,12,16,27,29,26,53,39,38,71,59,50,108,69,57,131,65,60,127,38,32,69,9,16,23
POA3380,3073,3148,6220,144,172,314,352,296,643,149,145,295,183,156,344,392,388,782,295,290,588,331,380,714,468,447,916,433,448,882,241,285,518,80,149,221
POA3381,742,657,1401,37,33,69,80,63,148,35,30,62,23,20,50,93,96,189,67,67,136,100,82,181,119,130,250,126,100,221,48,28,79,11,9,16
POA3384,305,300,608,14,16,30,37,25,60,18,24,40,11,8,21,19,24,43,26,28,49,46,40,92,69,49,119,39,48,82,29,24,50,5,8,12
POA3385,290,252,541,10,9,21,29,26,55,13,9,24,12,4,11,25,19,40,31,28,58,35,40,75,54,45,102,48,59,110,24,6,31,7,5,11
POA3387,148,138,289,4,9,15,14,19,29,8,6,16,9,7,8,13,15,30,20,12,37,20,24,40,26,21,52,24,22,39,13,3,19,0,3,3
POA3388,297,271,567,12,5,26,39,25,63,20,12,27,15,4,18,31,25,53,27,31,51,28,38,62,67,58,122,41,36,77,18,31,51,9,11,20
POA3390,492,464,957,31,14,53,64,67,129,39,31,66,21,11,34,34,44,76,43,45,89,65,54,118,78,62,142,65,74,138,36,43,82,15,7,27
POA3391,90,89,181,4,6,11,13,10,21,4,7,14,5,4,10,7,7,14,9,8,22,11,13,18,22,17,30,17,12,22,6,5,13,0,0,5
POA3392,298,293,584,3,9,12,32,24,59,24,11,38,8,8,15,20,18,37,18,32,48,37,41,74,60,57,116,45,41,88,31,25,61,18,26,42
POA3393,1308,1306,2614,74,57,133,166,129,295,64,63,128,68,56,121,128,138,272,110,118,224,135,168,307,199,200,394,201,182,381,112,134,250,42,73,118
POA3395,193,161,350,5,14,23,14,16,31,6,0,11,9,0,10,20,20,37,19,10,32,19,20,37,44,33,76,27,21,53,18,18,35,6,6,16
POA3396,341,346,694,9,20,32,30,31,62,15,11,27,12,0,19,35,31,63,35,34,66,25,34,60,60,56,117,61,61,130,38,36,73,21,31,49
POA3400,7263,7872,15134,435,481,921,978,869,1841,453,376,826,446,462,906,1020,1080,2097,817,873,1689,752,847,1595,863,976,1842,780,897,1674,508,667,1173,217,355,570
POA3401,2395,2201,4596,114,113,228,354,317,676,185,159,344,123,104,225,200,181,384,242,260,502,362,380,737,403,358,761,273,218,494,113,95,207,24,17,48
POA3407,211,207,416,7,11,15,33,19,55,18,9,23,8,6,11,10,12,27,16,19,35,34,34,67,33,31,71,27,30,57,18,15,40,3,7,10
POA3409,497,496,987,17,20,41,53,48,106,19,25,41,13,17,31,57,47,102,48,54,104,63,70,130,116,87,206,64,56,122,29,35,60,10,34,43
POA3412,148,145,295,13,13,21,28,15,41,3,3,12,7,4,4,13,14,26,17,18,33,11,18,30,30,16,40,21,22,42,17,25,40,3,4,6
POA3413,108,94,196,4,9,10,9,13,15,3,4,7,4,7,7,10,6,18,6,10,15,16,16,37,20,16,37,10,5,16,15,5,25,8,6,8
POA3414,852,868,1719,44,43,88,69,84,150,49,46,92,26,33,54,73,80,160,87,75,168,96,116,208,142,140,283,141,121,262,83,87,170,37,46,81
POA3415,20,17,36,0,3,3,0,0,3,3,0,3,6,0,6,0,4,6,0,0,0,0,4,4,11,3,11,0,0,0,0,0,0,0,0,0
POA3418,1442,1436,2875,76,82,160,154,151,303,99,64,168,77,57,132,182,189,370,137,127,265,159,181,339,226,190,415,162,156,319,120,147,264,54,84,138
POA3419,425,468,891,22,27,51,43,48,93,16,21,37,27,14,43,41,36,75,45,49,91,48,60,107,68,69,136,80,69,148,29,47,71,15,26,38
POA3420,151,128,283,13,15,28,28,15,45,6,0,8,8,6,13,10,19,33,21,16,40,16,22,35,25,9,37,15,18,35,3,6,13,0,0,0
POA3423,248,226,476,8,12,19,21,21,40,14,10,16,11,8,14,24,12,36,16,24,33,30,25,55,53,56,108,47,34,88,19,10,33,9,15,24
POA3424,376,367,750,19,5,21,46,42,89,19,23,37,12,5,19,29,30,57,34,43,76,34,38,70,69,65,134,74,54,132,31,48,75,11,25,37
POA3427,2842,2821,5669,257,260,523,343,318,667,110,115,222,174,152,321,651,670,1326,490,447,931,262,309,571,274,285,561,194,191,381,78,62,142,11,10,20
POA3428,340,323,668,16,6,27,24,45,72,22,25,41,21,23,43,42,26,74,42,35,77,54,57,111,45,37,82,56,36,97,27,20,48,5,3,10
POA3429,19091,20004,39093,1198,1156,2348,2616,2467,5076,1252,1128,2387,1222,1133,2360,2703,2807,5516,2544,2709,5255,2553,2770,5325,2322,2581,4902,1672,1908,3579,760,930,1686,252,413,664
POA3430,164,143,303,6,8,15,13,24,38,10,6,16,9,11,14,21,15,38,22,12,28,26,16,43,22,25,50,14,10,29,16,9,24,3,0,0
POA3431,2114,2280,4390,98,126,225,310,321,628,165,150,311,116,113,229,189,208,393,258,281,539,292,392,687,337,306,649,225,264,483,114,106,219,16,18,33
POA3432,91,92,185,0,0,0,12,10,25,6,12,17,0,3,4,4,0,5,10,8,19,19,27,42,20,18,37,18,14,33,0,0,8,0,0,0
POA3433,107,101,207,6,4,12,16,9,27,8,9,15,11,6,13,11,12,14,15,19,29,19,19,36,19,9,23,8,15,22,8,5,14,0,0,0
POA3434,3075,3069,6143,215,214,432,407,405,815,206,187,396,154,133,284,408,418,823,372,403,773,441,444,886,398,378,773,288,316,604,155,139,294,27,29,58
POA3435,1574,1654,3228,79,97,179,205,234,437,93,93,186,80,74,152,167,187,356,195,209,405,206,234,439,217,255,469,226,178,398,102,76,173,10,20,28
POA3437,5798,5916,11715,380,367,747,1008,902,1906,446,370,815,271,235,503,447,489,941,795,938,1730,838,881,1716,730,762,1489,532,568,1099,278,297,580,72,111,184
POA3438,1216,1287,2509,65,73,140,211,174,388,99,96,196,69,54,132,93,87,183,153,183,332,190,219,411,132,139,275,104,125,219,76,85,166,28,43,67
POA3440,1056,1017,2073,56,45,103,180,174,352,80,61,141,47,33,86,55,59,107,131,145,275,158,178,332,140,143,280,134,132,269,64,44,110,9,10,19
POA3441,778,669,1450,50,34,88,117,69,193,53,32,81,20,8,30,46,46,91,82,97,175,114,102,220,127,111,244,111,121,233,46,45,95,5,7,11
POA3442,4175,4412,8586,229,195,417,635,607,1243,267,279,550,136,134,271,277,287,557,496,568,1071,665,742,1404,581,625,1206,537,591,1130,289,278,564,63,105,167
POA3444,4917,5147,10066,228,224,451,610,602,1207,261,262,521,206,197,406,410,455,865,565,634,1197,747,780,1524,703,739,1441,677,691,1369,389,376,768,125,191,316
POA3446,564,540,1101,40,19,61,64,70,134,36,23,56,23,20,41,56,53,104,58,72,129,86,92,174,94,88,186,76,80,159,22,20,43,8,7,15
POA3447,269,256,524,3,3,13,19,30,47,12,10,27,19,9,25,23,14,37,26,29,57,49,42,89,47,61,104,45,41,85,20,9,33,4,7,3
POA3448,485,497,981,30,29,59,41,69,103,26,13,42,13,15,26,40,43,78,47,56,107,65,83,146,78,78,160,93,82,174,44,27,70,11,7,17
POA3450,3802,3784,7588,157,118,275,365,311,682,163,149,313,130,74,199,443,255,696,512,422,936,479,489,970,525,543,1072,548,673,1219,334,473,807,139,273,411
POA3451,2849,2970,5819,147,131,281,363,358,722,159,145,298,113,80,197,250,266,516,305,369,671,423,448,868,422,510,935,429,422,852,186,192,375,53,46,95
POA3453,931,920,1852,27,40,71,118,114,230,50,53,106,43,28,77,73,79,154,101,97,201,126,136,259,165,164,329,147,132,276,72,57,132,5,16,26
POA3458,1191,1138,2330,62,43,110,129,87,211,46,39,83,41,23,62,70,83,158,123,122,249,156,185,342,222,231,453,212,204,417,103,100,199,22,33,56
POA3460,1279,1525,2799,35,50,88,110,120,231,55,41,97,29,32,61,134,129,260,135,142,277,166,200,372,246,309,550,231,263,495,102,152,254,30,86,124
POA3461,2317,2294,4614,80,70,144,225,232,463,109,98,208,55,56,113,153,160,319,248,259,508,389,413,794,415,424,839,428,410,841,169,139,312,42,31,68
POA3462,643,590,1230,23,29,49,80,47,128,29,26,59,23,16,34,40,48,90,53,59,115,84,92,176,117,111,228,121,119,237,57,40,97,11,5,17
POA3463,1276,1317,2588,30,41,74,108,86,193,57,48,108,35,33,71,96,94,185,82,113,196,155,178,337,254,290,547,288,261,541,139,138,271,35,38,70
POA3464,608,585,1192,32,27,59,96,79,173,36,32,64,27,27,57,53,63,116,57,67,126,84,71,156,86,91,177,91,96,191,38,37,73,0,4,14
POA3465,4917,5194,10111,212,197,413,559,528,1092,267,260,519,221,202,420,461,488,947,403,439,841,613,619,1226,678,773,1450,791,855,1649,548,572,1120,170,255,431
POA3467,694,664,1356,25,45,67,82,69,151,41,33,75,19,17,43,59,62,122,52,70,118,80,86,172,93,80,169,151,118,265,64,62,127,23,27,49
POA3468,133,137,267,7,6,9,7,9,17,8,4,14,6,4,9,5,7,14,15,13,30,15,18,32,23,23,52,29,31,55,14,9,28,5,3,7
POA3469,141,127,269,8,4,5,12,7,24,3,0,5,11,3,13,7,7,12,5,5,17,26,21,48,28,23,54,26,29,51,21,13,34,3,10,15
POA3472,756,744,1492,21,38,58,65,76,141,38,26,66,24,24,50,46,50,98,49,61,109,98,96,191,149,133,284,142,135,278,103,83,183,19,25,41
POA3475,203,168,373,8,0,15,10,18,31,7,0,3,0,0,9,10,11,23,15,11,27,19,23,41,40,40,75,51,39,92,24,16,34,3,6,9
POA3477,439,386,817,21,16,36,49,44,91,16,17,30,11,9,23,25,28,52,39,41,76,51,61,112,99,76,178,89,66,152,44,28,65,8,3,5
POA3478,1260,1328,2584,58,56,116,121,111,227,58,60,115,58,55,113,131,119,251,96,95,193,159,177,334,179,208,384,209,211,423,140,158,303,50,82,127
POA3480,923,882,1805,49,43,92,102,82,183,60,35,95,45,30,75,78,81,155,70,80,157,107,108,214,152,150,299,139,127,261,75,95,175,35,58,92
POA3482,115,92,207,4,3,9,16,7,23,4,7,13,3,5,5,7,3,13,10,8,17,13,11,25,28,23,45,15,9,24,7,8,18,3,0,3
POA3483,448,435,882,24,22,45,44,57,99,25,25,54,21,13,35,49,52,102,38,38,82,60,55,121,66,51,118,70,58,124,34,34,73,11,21,31
POA3485,158,131,291,0,0,4,17,10,24,6,10,19,6,3,12,7,0,7,11,10,18,21,21,36,33,31,61,27,32,62,14,16,25,6,9,17
POA3487,38,41,82,0,0,0,7,9,9,0,4,9,3,0,8,4,6,6,3,5,11,4,3,14,12,10,19,7,4,12,0,4,4,0,0,0
POA3488,44,42,89,0,4,0,0,5,8,0,4,3,0,0,8,5,7,11,3,0,9,6,7,14,9,12,15,9,4,15,6,5,5,0,0,0
POA3489,32,28,62,8,3,5,8,5,15,0,0,0,0,0,0,3,0,6,6,8,6,4,4,3,0,7,6,5,6,14,0,0,3,0,0,0
POA3490,667,620,1292,23,37,56,53,54,108,33,27,62,30,14,50,72,61,135,64,54,119,74,58,133,106,103,203,109,108,217,72,56,129,29,56,81
POA3491,74,73,149,0,5,7,7,9,16,9,3,13,6,5,10,4,5,10,6,11,12,8,7,17,14,14,25,14,6,18,9,6,11,4,0,4
POA3494,365,273,641,11,11,24,46,31,79,16,17,27,18,8,22,65,50,114,56,46,102,37,29,68,63,55,116,43,22,62,16,0,18,0,0,3
POA3496,3312,3152,6464,178,169,348,453,397,848,182,201,378,201,162,358,384,382,773,395,369,765,434,413,845,506,463,962,355,329,681,177,164,347,52,99,155
POA3498,3015,2962,5977,172,170,341,436,374,816,210,191,399,164,161,330,374,353,731,344,350,702,402,441,840,375,369,742,332,305,636,170,176,346,34,71,102
POA3500,16634,17937,34565,1035,1001,2039,2135,2087,4224,1014,924,1938,1066,1030,2096,2469,2610,5074,1934,2157,4093,1916,2171,4086,1985,2185,4165,1701,1928,3629,1007,1218,2221,376,620,1002
POA3501,1074,1074,2146,61,60,120,176,204,380,59,79,135,57,36,93,81,94,173,149,158,303,169,156,323,161,150,310,109,92,203,43,40,80,18,18,30
POA3505,2516,2493,5010,143,139,279,369,338,710,147,147,292,106,99,204,286,269,552,251,291,545,353,331,682,356,366,726,299,278,571,156,148,302,50,87,132
POA3506,17,21,33,0,6,6,0,0,3,0,0,0,0,4,7,0,6,6,6,0,3,6,3,10,3,0,5,0,0,0,3,0,3,0,0,5
POA3507,89,88,171,3,3,7,11,12,24,12,3,13,0,0,5,5,8,13,4,9,15,11,6,22,16,17,28,18,21,37,7,3,12,0,0,3
POA3509,118,112,228,3,6,8,14,20,35,3,0,3,4,4,3,14,9,19,11,13,23,15,17,30,26,21,49,21,10,32,5,15,18,5,0,4
POA3512,202,163,369,8,9,21,32,19,50,12,4,19,0,7,8,18,15,29,23,21,44,24,10,39,31,28,64,29,27,55,17,12,30,5,4,10
POA3515,1247,1267,2516,127,120,247,200,193,399,57,82,137,51,53,105,201,224,419,190,196,381,122,111,234,130,136,270,107,118,223,49,34,82,13,0,14
POA3516,371,353,722,18,10,26,35,43,77,31,17,51,15,14,37,32,45,77,32,38,69,46,43,86,54,67,122,55,41,104,26,25,58,11,8,16
POA3517,768,727,1497,34,30,62,84,75,160,30,39,70,31,23,57,53,66,115,67,74,144,106,78,189,135,125,255,129,108,239,61,62,127,37,46,87
POA3518,673,650,1321,17,20,41,64,58,119,25,27,49,25,18,42,37,59,98,47,40,85,86,92,183,152,133,284,132,118,253,71,62,136,15,26,37
POA3520,81,77,156,4,4,8,7,4,8,3,9,13,0,0,0,4,4,8,3,10,11,15,6,20,19,17,42,12,12,27,9,8,18,3,0,3
POA3521,388,391,772,20,17,41,50,66,112,21,19,43,17,18,40,43,40,85,38,50,84,70,61,131,42,50,101,47,39,81,20,19,39,8,5,15
POA3522,176,162,338,9,4,14,15,18,29,7,4,13,13,3,19,15,15,28,18,19,34,26,26,54,33,28,65,29,24,55,8,13,22,0,5,10
POA3523,2053,1917,3965,76,66,141,177,147,331,83,51,135,58,56,114,130,145,276,156,186,339,307,247,555,366,371,742,379,353,732,249,208,461,60,81,138
POA3525,689,678,1369,25,28,56,79,56,137,40,27,66,21,28,48,44,53,100,47,41,91,92,88,182,113,117,233,140,116,257,70,68,134,24,48,68
POA3527,373,364,741,21,8,28,31,39,67,17,14,30,10,8,16,28,38,67,27,16,43,47,49,96,71,72,145,63,50,121,39,46,85,17,28,42
POA3529,61,58,117,3,0,6,10,15,23,8,0,11,6,4,9,9,7,13,5,5,8,7,8,13,8,6,19,9,4,16,3,0,3,0,0,0
POA3530,69,49,114,0,0,0,7,0,9,3,4,5,0,0,7,4,0,3,4,3,9,11,10,24,15,16,35,17,6,23,3,0,7,0,0,0
POA3531,106,93,194,13,4,12,17,13,28,9,7,6,4,5,11,12,6,21,7,8,14,19,16,33,16,18,31,13,7,25,0,3,8,5,3,8
POA3533,387,357,744,24,16,38,37,43,83,26,12,37,20,8,30,34,41,73,40,31,68,42,45,87,70,63,130,70,43,111,26,29,55,8,23,34
POA3537,523,576,1094,23,25,50,55,70,129,32,34,62,16,14,34,30,38,69,49,46,93,56,64,122,84,79,164,88,85,172,57,54,112,29,60,89
POA3540,136,132,263,0,0,0,9,7,21,10,11,20,11,6,16,10,3,14,7,11,12,15,20,37,32,33,62,27,28,49,16,10,29,0,6,9
POA3542,74,63,139,0,0,0,12,9,20,0,3,3,5,0,4,4,0,4,9,3,10,7,11,21,11,19,27,10,14,27,6,3,11,0,4,4
POA3544,140,114,252,0,6,9,25,16,39,12,7,15,14,5,23,16,7,24,9,12,26,11,9,17,20,25,47,25,17,40,14,5,16,5,5,8
POA3546,169,170,346,6,10,15,18,20,40,10,3,17,3,7,8,12,12,25,13,17,33,23,25,48,39,33,73,32,21,49,10,12,25,6,10,12
POA3549,2111,1905,4017,138,110,248,249,257,505,111,74,191,111,94,201,378,333,719,357,305,660,229,186,412,259,225,488,195,185,381,70,75,144,16,58,77
POA3550,19983,21859,41839,1063,1068,2134,2443,2149,4589,1183,1207,2389,1510,1640,3155,2815,3036,5857,2233,2457,4688,2343,2651,4995,2440,2788,5222,2176,2481,4655,1225,1517,2741,550,869,1416
POA3551,17696,17921,35614,1270,1176,2448,2995,2860,5852,1189,1143,2337,899,830,1731,1892,2079,3972,2340,2611,4944,2327,2391,4712,2064,2223,4295,1792,1732,3521,760,706,1469,161,171,330
POA3555,9923,11117,21043,585,597,1182,1216,1140,2353,528,533,1064,562,564,1125,1445,1502,2946,1193,1309,2502,1062,1206,2269,1113,1375,2497,1122,1355,2477,806,982,1791,294,544,840
POA3556,6789,7292,14088,441,425,872,917,853,1769,407,399,809,448,460,908,952,1035,1984,754,802,1560,756,840,1598,857,978,1839,771,871,1649,363,425,790,125,195,317
POA3557,417,430,853,31,28,65,48,64,108,23,30,53,20,24,39,45,52,102,46,57,101,61,55,112,74,63,135,43,39,79,23,24,41,0,3,8
POA3558,489,479,971,22,27,53,56,44,99,24,15,40,19,18,33,48,52,99,37,40,82,66,59,127,76,82,159,78,53,137,52,58,114,13,23,31
POA3559,304,262,563,13,13,26,26,35,63,16,9,28,20,0,23,26,27,51,28,29,49,26,35,66,59,48,105,46,38,89,34,19,58,0,3,11
POA3561,2202,2291,4498,102,92,194,258,273,532,122,130,254,104,105,206,177,189,371,218,220,438,271,288,553,355,358,712,324,312,641,204,213,422,68,104,175
POA3562,141,114,257,14,8,14,18,15,30,7,9,13,10,5,10,15,13,30,12,12,29,14,18,30,24,23,48,24,13,34,8,3,15,0,0,0
POA3563,437,411,850,24,20,45,55,56,112,24,22,52,15,27,47,42,37,76,37,38,77,51,53,100,78,64,138,59,56,119,29,31,58,18,12,26
POA3564,8249,8827,17080,444,422,867,1044,992,2031,530,478,1012,420,457,881,892,952,1843,815,947,1762,1063,1160,2217,1151,1267,2423,1040,1115,2158,640,703,1341,206,341,546
POA3565,74,64,134,3,5,6,19,8,20,3,6,15,4,3,10,0,7,9,4,3,9,13,11,26,9,8,20,6,3,12,11,4,11,0,0,3
POA3566,292,280,578,10,13,26,38,40,78,16,3,19,12,14,32,21,26,47,32,32,60,36,40,76,46,43,95,51,37,87,18,28,45,5,4,8
POA3567,350,311,665,13,16,26,36,43,85,26,16,41,22,13,28,31,25,57,20,34,55,54,43,99,54,52,111,53,35,88,40,33,74,6,6,10
POA3568,1446,1506,2947,63,66,127,149,157,307,59,64,126,56,52,108,117,119,238,138,140,281,176,190,365,205,212,415,256,260,513,160,170,333,68,69,135
POA3570,419,418,837,16,18,30,44,60,108,25,19,41,15,15,36,20,31,53,42,42,89,66,64,129,86,79,163,68,56,126,20,23,50,3,7,11
POA3571,153,157,305,6,5,20,12,23,37,10,7,17,0,6,9,18,15,38,16,12,32,17,19,37,19,18,38,23,16,46,14,14,25,8,9,12
POA3572,74,60,137,0,6,10,10,6,12,4,4,8,3,0,9,7,5,13,8,6,18,11,9,24,11,17,24,10,5,19,5,0,6,0,0,0
POA3573,166,175,340,8,12,17,25,23,49,7,4,15,7,12,14,19,15,31,22,25,48,21,20,44,23,23,53,31,24,55,5,11,8,0,0,0
POA3575,428,416,842,16,23,37,65,54,119,22,31,51,19,15,26,39,38,74,54,47,101,50,57,106,76,68,143,61,62,116,23,27,47,9,10,24
POA3576,29,36,60,6,0,3,4,3,6,0,0,0,0,0,0,5,6,8,0,3,6,4,0,4,0,5,6,9,11,19,0,0,0,0,0,0
POA3579,2689,2754,5450,130,138,272,330,304,636,127,127,257,121,101,225,242,245,489,264,279,546,304,313,618,400,427,830,443,397,846,220,268,490,97,146,243
POA3580,566,534,1101,22,32,56,60,50,111,21,19,42,25,23,46,43,34,76,59,48,110,63,69,134,100,98,192,106,103,203,71,49,124,10,5,14
POA3581,74,76,147,0,3,6,8,10,15,0,5,4,3,0,6,4,6,7,7,5,12,6,18,24,25,10,35,9,13,19,14,4,18,0,0,0
POA3583,79,75,162,0,3,6,10,8,18,8,6,13,3,9,14,4,3,12,6,8,11,16,14,33,13,15,25,10,5,11,10,5,11,0,0,3
POA3584,591,543,1138,37,36,69,84,62,145,49,31,79,28,34,57,62,61,125,60,55,116,65,67,137,82,86,176,78,59,134,42,47,88,8,11,17
POA3585,5500,6009,11508,372,393,761,713,746,1453,310,267,577,345,361,701,798,887,1683,651,714,1366,581,600,1178,682,690,1370,544,601,1148,353,485,840,151,267,424
POA3586,417,380,799,19,16,34,64,65,127,31,27,59,20,14,34,39,31,67,41,56,102,55,52,108,86,70,154,45,34,79,17,13,27,3,9,6
POA3588,212,199,404,9,8,18,22,30,54,11,13,28,14,9,22,25,20,44,21,25,44,16,20,39,37,24,59,29,30,55,17,10,27,5,3,11
POA3589,192,166,359,9,11,24,24,14,43,10,4,15,11,16,23,28,27,56,24,22,47,21,18,41,27,23,50,18,15,34,9,4,16,0,0,3
POA3590,179,155,337,4,6,11,31,25,53,11,12,21,5,7,10,14,24,38,19,22,42,16,19,36,31,37,67,27,15,35,5,4,12,0,0,0
POA3591,94,74,163,10,0,10,11,10,17,3,6,9,0,3,5,9,4,14,9,7,17,7,15,23,17,16,26,16,10,31,0,0,3,0,0,0
POA3594,286,252,536,5,15,18,30,20,49,16,11,22,10,12,18,50,42,91,24,21,46,37,41,75,52,44,91,39,30,64,15,14,31,8,0,10
POA3595,350,320,673,20,15,34,49,42,93,24,16,41,10,8,20,41,41,84,34,38,72,37,52,87,62,45,110,50,27,73,30,14,44,5,9,19
POA3596,49,58,103,0,5,5,5,0,6,5,6,15,0,0,4,0,5,3,3,7,7,8,9,19,9,7,18,8,7,17,4,5,3,0,3,6
POA3597,274,184,458,11,15,30,23,16,45,5,15,16,16,10,28,55,21,81,47,19,60,35,26,61,41,24,61,29,16,49,13,12,23,3,4,7
POA3599,96,60,154,10,0,12,12,6,13,4,0,7,5,0,5,10,12,19,11,4,14,10,9,16,27,9,35,17,11,31,0,3,5,0,0,6
POA3607,92,68,160,5,0,4,8,7,16,7,7,16,9,5,12,9,4,15,9,11,19,14,9,28,17,9,25,6,11,17,0,3,3,0,3,3
POA3608,1430,1391,2825,75,75,151,139,123,259,56,66,119,58,45,97,126,130,259,146,147,293,146,154,297,250,235,480,268,234,506,129,124,253,39,63,99
POA3610,924,675,1600,32,34,61,81,69,147,39,35,75,35,26,67,139,64,205,109,60,159,151,109,260,141,114,255,133,111,243,58,42,99,7,18,28
POA3612,948,860,1801,30,30,58,71,83,157,36,32,71,29,18,51,76,64,141,60,65,129,127,137,266,196,170,371,189,134,323,87,92,178,31,23,61
POA3614,485,443,927,32,33,58,84,64,153,31,25,54,23,23,44,48,47,97,58,66,127,73,74,145,65,65,129,60,36,95,19,11,30,0,0,0
POA3616,2786,2818,5605,165,114,284,375,342,719,169,135,299,116,126,241,342,339,683,286,306,598,359,367,727,374,411,787,349,344,689,207,235,436,50,88,143
POA3617,80,79,161,0,8,7,12,8,17,0,6,5,10,3,12,3,4,10,10,16,17,17,17,31,10,14,30,13,12,25,4,6,7,0,0,0
POA3618,357,322,679,21,15,33,34,30,60,21,12,36,18,17,35,41,35,72,32,41,70,61,41,97,58,65,119,49,50,98,22,16,41,5,10,17
POA3620,4122,4214,8340,212,212,429,543,470,1016,273,218,489,232,182,417,400,423,818,396,452,850,502,521,1024,558,573,1135,506,577,1087,360,389,750,137,195,334
POA3621,1240,1194,2437,77,72,145,187,181,366,92,63,148,52,62,117,127,141,270,124,119,242,151,153,303,148,157,308,166,134,298,91,68,160,30,48,80
POA3622,266,270,537,14,22,35,38,42,81,14,23,37,6,10,15,30,22,58,30,38,68,28,32,64,50,36,92,44,31,76,3,10,18,0,3,3
POA3623,450,440,890,18,19,35,50,49,102,21,19,39,18,15,39,51,49,98,36,48,84,53,51,106,68,71,144,68,64,135,53,32,83,7,10,20
POA3624,274,291,563,23,21,43,31,34,61,24,15,35,17,20,29,32,37,68,28,32,59,32,32,59,48,41,87,36,34,68,18,18,43,3,11,11
POA3629,4731,4803,9536,262,233,497,572,550,1123,299,247,549,316,251,568,588,604,1192,448,578,1023,603,604,1208,649,619,1271,547,625,1171,339,343,678,108,143,250
POA3630,15667,16485,32151,1059,993,2050,2151,1966,4122,982,908,1890,995,1019,2019,2259,2463,4720,1865,1913,3783,1798,1865,3659,1736,1889,3628,1497,1727,3227,959,1172,2129,358,565,928
POA3631,7350,7254,14605,508,449,952,1196,1117,2312,513,469,980,373,328,706,805,849,1649,981,1033,2009,973,932,1906,885,916,1803,676,638,1317,351,341,697,98,167,263
POA3633,333,284,620,20,7,23,51,47,92,36,18,51,11,19,27,28,26,61,38,41,76,54,47,104,43,47,93,41,28,64,11,5,22,0,0,0
POA3634,979,906,1888,44,39,87,155,147,303,78,54,129,47,49,90,78,89,161,115,112,232,143,137,281,145,140,288,125,92,221,48,37,80,7,8,19
POA3635,271,278,552,4,13,21,23,34,63,23,13,35,16,13,29,35,35,70,24,20,47,38,41,79,48,49,94,41,31,72,26,15,38,6,4,5
POA3636,2639,2741,5375,141,125,266,316,293,607,136,156,289,127,116,240,291,291,580,254,264,515,311,348,661,406,404,807,364,354,719,205,248,459,91,128,222
POA3637,319,320,642,28,23,52,48,53,99,21,26,44,15,15,29,27,38,65,41,36,72,49,48,94,43,44,90,33,33,67,13,4,17,0,4,11
POA3638,1099,1099,2199,51,60,108,140,110,252,75,76,150,62,56,116,102,105,212,109,104,213,123,125,250,170,172,343,155,148,304,83,84,174,29,54,83
POA3639,248,228,479,10,7,15,27,9,29,8,13,17,9,11,16,18,15,39,16,24,36,29,32,60,57,58,115,54,40,97,23,10,41,6,6,6
POA3640,542,485,1025,29,26,54,73,68,145,43,30,71,37,28,64,60,69,133,75,69,140,65,71,133,68,57,130,59,51,111,18,16,37,5,0,12
POA3641,656,612,1266,25,40,65,99,96,195,33,43,80,30,26,51,66,67,133,70,76,142,101,73,178,90,82,175,98,71,163,34,31,58,9,11,20
POA3644,4729,4661,9390,239,222,459,554,537,1090,283,225,506,184,186,371,522,495,1015,493,510,1005,552,549,1103,609,629,1242,695,724,1422,445,418,868,145,169,315
POA3646,299,303,601,13,11,26,37,47,80,24,21,43,7,9,12,23,16,41,29,34,62,44,52,95,59,51,105,42,40,88,21,17,38,0,4,13
POA3647,24,26,51,0,0,0,0,0,0,8,8,11,5,7,21,7,7,7,0,0,3,5,3,7,0,0,0,0,0,0,0,0,0,0,0,0
POA3649,237,238,478,14,4,18,26,37,66,15,15,30,9,16,22,28,34,57,24,21,42,32,25,61,39,49,86,25,23,55,17,13,31,7,3,15
POA3658,3173,3081,6251,190,171,360,414,385,797,199,177,375,168,150,318,412,387,800,362,380,739,437,451,882,449,457,906,348,306,655,159,160,321,31,64,89
POA3659,386,366,748,12,16,29,46,32,79,23,17,44,24,19,39,28,32,60,35,35,67,51,64,113,72,70,143,57,49,109,29,18,47,4,5,17
POA3660,3926,3912,7842,163,150,310,431,410,841,225,187,420,278,223,505,453,432,879,385,404,789,485,508,993,585,622,1210,555,535,1090,280,286,568,80,151,233
POA3662,692,415,1108,58,54,110,87,71,161,93,28,116,128,38,169,149,115,267,112,74,187,51,28,75,8,6,16,0,0,0,0,0,0,0,0,0
POA3663,97,83,183,0,0,3,4,11,16,6,3,8,9,0,7,11,8,15,10,7,16,7,10,19,27,16,39,17,14,33,5,12,15,0,0,0
POA3664,557,582,1139,21,28,57,69,59,129,28,25,49,27,23,53,41,43,87,54,77,134,71,83,155,88,92,181,84,90,179,43,42,89,16,14,26
POA3665,194,201,397,6,8,16,28,22,48,8,13,21,8,9,13,5,7,21,20,21,36,25,38,66,32,32,60,44,34,74,16,19,34,3,3,5
POA3666,2533,2614,5142,121,98,216,250,235,483,131,113,244,109,68,180,192,224,418,228,273,497,255,298,557,386,455,843,514,462,976,257,252,506,94,135,228
POA3669,709,773,1475,31,43,72,63,58,124,18,29,51,24,16,37,39,51,90,53,65,122,85,92,177,118,168,287,167,132,299,77,70,154,27,40,66
POA3670,319,276,596,13,11,22,33,30,59,18,12,28,13,12,23,29,21,52,24,35,55,37,45,79,63,66,135,64,42,110,14,9,25,3,6,6
POA3672,5141,5681,10822,245,262,506,502,501,1006,298,251,551,259,235,492,560,557,1114,467,521,987,549,659,1209,751,850,1602,787,886,1673,522,624,1148,197,327,524
POA3673,929,886,1818,37,26,62,100,88,188,46,54,99,25,29,55,63,66,134,87,90,174,124,127,250,193,194,389,170,149,316,77,55,135,10,10,16
POA3675,960,979,1936,42,40,80,136,122,259,48,64,111,33,29,63,64,74,138,110,124,240,132,146,271,155,169,328,169,142,310,49,58,103,14,13,24
POA3677,9043,10169,19214,490,529,1010,1203,1103,2305,567,552,1122,456,505,962,1065,1168,2233,1023,1132,2155,1059,1222,2283,1105,1276,2382,1063,1239,2307,734,939,1674,276,503,783
POA3678,3315,3256,6568,162,174,336,422,434,859,222,205,427,113,89,201,229,231,457,342,363,697,474,525,999,537,554,1094,524,428,944,235,211,447,51,47,94
POA3682,323,323,645,15,22,33,53,45,104,14,31,41,13,6,16,24,29,56,34,34,71,51,69,115,52,47,96,39,38,79,19,5,29,3,4,4
POA3683,847,903,1748,33,36,70,89,92,185,59,54,111,26,34,59,77,63,137,69,86,152,129,151,283,154,161,311,131,133,261,74,81,152,12,14,26
POA3685,1439,1499,2935,67,67,136,179,160,341,69,90,161,43,58,105,136,148,284,135,153,295,177,185,367,238,226,465,221,236,461,132,105,239,37,57,90
POA3687,532,534,1061,23,32,49,60,62,126,21,27,54,22,21,45,50,41,94,54,64,113,76,77,153,65,83,147,86,91,182,50,36,84,10,14,22
POA3688,677,653,1334,54,40,94,95,73,169,40,47,88,20,29,47,75,80,156,80,90,165,92,98,188,101,119,220,78,60,137,32,26,55,8,9,10
POA3690,16971,18083,35051,1023,1061,2087,2351,2287,4635,1153,1065,2218,1054,968,2024,2290,2335,4620,2029,2262,4291,2062,2258,4323,2027,2273,4301,1829,2047,3872,901,1116,2025,262,403,666
POA3691,6395,6375,12771,426,453,875,995,1004,1996,472,353,828,396,348,739,807,847,1655,797,893,1692,767,740,1509,749,755,1509,627,566,1197,269,273,544,81,143,229
POA3695,243,250,488,11,15,25,27,33,64,16,20,35,8,10,14,18,17,38,26,24,57,36,43,80,31,50,78,48,35,83,15,6,24,3,4,3
POA3697,280,294,568,13,11,23,36,33,66,13,12,33,13,7,19,14,19,38,26,29,59,31,45,75,62,57,124,56,42,102,16,12,35,0,13,13
POA3698,521,486,1012,23,15,43,59,49,111,30,25,56,11,13,17,45,36,81,57,64,124,68,59,138,74,80,153,96,84,178,49,45,93,11,16,29
POA3699,613,622,1242,26,22,44,62,60,123,40,31,71,48,56,107,90,83,175,76,73,150,72,65,139,64,84,152,84,84,171,33,44,77,9,25,38
POA3700,710,695,1403,44,34,79,84,67,144,29,29,66,31,38,68,70,60,134,59,71,121,83,85,173,117,98,215,104,99,197,60,51,116,27,62,90
POA3701,568,530,1101,21,18,40,67,69,133,26,26,48,17,10,25,30,38,72,67,53,123,59,67,125,110,106,214,117,90,207,46,39,91,9,10,17
POA3704,10,13,26,0,0,0,0,0,0,0,0,0,0,0,0,0,7,4,0,0,0,0,0,3,3,3,11,0,5,9,0,0,0,0,0,0
POA3705,127,134,254,0,4,3,6,13,22,13,10,20,4,4,6,12,11,22,8,14,18,19,23,42,27,30,58,24,16,46,7,12,16,6,0,3
POA3707,964,909,1871,45,45,89,114,92,208,47,39,84,34,27,62,86,68,156,83,93,173,107,112,217,162,151,309,148,130,280,97,110,206,34,51,87
POA3708,30,39,66,0,0,6,3,4,7,0,0,0,0,0,5,3,6,9,0,3,4,4,5,5,8,8,18,8,9,8,0,0,3,0,0,0
POA3709,175,134,307,12,0,9,14,7,19,4,4,12,0,9,8,7,7,10,18,10,31,20,13,33,28,36,69,47,45,90,18,6,27,4,3,4
POA3711,300,289,591,18,10,27,28,25,52,14,6,27,6,6,10,21,27,51,27,27,58,33,47,80,65,51,115,56,57,114,24,18,43,3,12,14
POA3712,179,176,354,11,5,14,10,9,26,4,4,8,9,7,19,10,11,21,23,17,37,22,21,41,31,43,67,37,37,71,21,14,32,5,0,9
POA3713,549,476,1023,18,14,29,45,37,73,15,20,35,12,17,33,43,40,85,51,46,85,68,65,130,110,95,209,115,63,179,57,49,110,24,29,57
POA3714,1844,1905,3749,97,68,167,183,189,371,101,86,184,78,54,134,149,156,306,174,201,370,235,233,469,279,305,585,311,355,667,187,183,372,40,81,122
POA3715,200,170,371,3,11,12,26,17,42,13,4,15,0,8,4,17,9,30,23,22,43,24,22,49,41,35,71,36,33,71,16,6,29,5,0,4
POA3717,1795,1751,3544,71,69,134,187,168,355,81,86,168,68,72,145,124,130,249,176,176,350,225,232,454,330,319,642,307,293,608,193,154,344,38,52,94
POA3718,46,50,91,0,0,0,4,3,7,0,5,6,0,0,0,4,4,6,0,5,9,6,8,14,7,15,20,15,11,22,4,8,13,0,6,7
POA3719,211,205,420,3,4,9,20,13,30,12,12,19,3,5,12,14,16,27,22,16,34,26,33,67,44,47,91,48,36,83,20,18,42,4,3,5
POA3720,348,314,666,10,13,21,23,18,37,15,19,37,8,13,17,35,36,75,22,26,45,63,41,110,72,64,136,71,70,143,26,12,45,3,4,5
POA3722,2801,3014,5815,125,134,265,402,384,790,130,133,262,106,75,185,271,288,553,327,371,700,326,343,669,411,477,893,410,432,838,228,259,485,63,118,182
POA3723,1863,1867,3727,50,57,113,225,276,505,119,157,275,85,86,165,169,172,342,192,180,375,213,227,441,320,321,636,340,270,609,119,94,217,26,21,51
POA3725,341,304,645,25,20,42,43,29,73,16,14,31,13,10,21,30,31,54,36,36,72,38,35,71,53,63,111,72,57,123,17,15,29,8,0,8
POA3726,208,208,411,9,6,12,33,18,48,7,9,23,3,8,13,8,17,24,14,23,35,32,39,71,36,34,73,41,33,75,20,17,33,4,3,7
POA3727,164,139,303,5,13,13,14,18,26,15,3,19,4,5,10,16,13,30,11,15,28,21,16,34,35,29,65,20,14,43,20,15,28,5,6,10
POA3728,353,330,687,21,22,47,48,36,86,14,10,30,14,18,30,30,35,65,34,27,64,47,37,83,62,63,129,62,44,101,20,26,46,5,3,5
POA3730,4747,4967,9719,228,217,441,562,536,1097,259,210,469,187,183,372,404,444,849,428,483,913,546,561,1112,644,702,1343,798,876,1672,536,516,1056,157,241,402
POA3732,312,294,608,11,15,33,37,28,69,20,11,34,7,14,21,21,35,50,24,33,60,46,48,91,42,49,87,57,35,97,24,25,55,5,3,13
POA3733,105,112,220,5,9,11,7,15,20,5,12,9,9,3,13,6,9,14,9,8,20,9,11,21,22,16,43,26,18,39,8,12,21,4,3,5
POA3735,346,291,638,24,15,36,35,35,70,14,15,28,14,11,20,46,31,80,33,30,58,50,43,87,58,66,124,44,36,83,18,17,35,13,15,25
POA3737,2184,2244,4426,90,84,183,252,232,483,125,99,224,102,105,207,194,192,385,221,223,440,263,287,555,356,367,723,329,322,650,162,230,395,78,113,195
POA3738,99,95,197,3,3,5,8,11,20,9,5,14,3,0,8,13,15,25,10,7,20,8,18,29,29,15,44,11,13,29,5,5,8,0,0,0
POA3739,118,123,239,0,3,3,18,11,27,5,8,14,6,8,7,7,5,15,17,13,36,16,19,32,26,29,58,16,11,33,7,7,11,0,4,4
POA3740,575,611,1183,42,24,69,66,72,137,26,33,61,24,16,37,58,58,120,66,77,137,81,95,179,90,91,178,70,80,153,42,43,88,5,13,21
POA3741,1706,1720,3426,65,51,119,195,188,383,79,70,145,85,80,164,180,166,344,196,208,412,231,246,477,269,253,518,243,237,483,135,162,291,34,57,88
POA3744,260,262,522,5,14,21,48,41,87,11,16,24,5,4,6,20,16,37,33,37,68,36,43,81,46,37,84,33,30,66,15,23,34,0,7,7
POA3746,201,187,382,9,3,14,20,22,44,14,7,20,3,3,14,12,10,29,18,18,45,28,30,60,39,31,69,32,25,58,16,18,37,5,7,9
POA3747,2494,2563,5054,114,101,214,301,283,586,140,132,268,80,57,141,195,180,378,290,314,603,345,372,719,388,419,809,399,418,816,193,196,388,43,88,128
POA3749,1044,1080,2123,51,48,99,152,141,294,71,44,115,30,25,53,55,63,113,105,136,241,135,149,282,184,195,377,148,144,288,88,82,169,36,54,85
POA3750,12295,12108,24407,1512,1355,2867,2195,2046,4241,602,526,1136,677,616,1297,2404,2789,5190,2736,2497,5239,1074,958,2036,553,700,1253,401,453,854,129,126,253,20,22,48
POA3751,80,70,150,8,4,9,4,8,13,9,0,9,7,4,8,10,5,10,0,3,9,11,12,20,9,5,22,15,16,33,7,3,10,0,5,3
POA3752,12286,12704,24989,782,725,1509,1920,1795,3711,957,867,1818,874,801,1676,1637,1661,3299,1891,2078,3971,1817,1968,3783,1234,1286,2520,722,808,1530,324,468,795,126,254,380
POA3753,2350,2290,4642,246,251,497,397,367,765,128,130,253,135,97,234,422,476,899,416,388,807,284,253,542,175,178,355,108,116,224,37,23,65,5,3,10
POA3754,24647,25841,50494,2396,2156,4557,4583,4456,9038,1551,1530,3083,1295,1273,2570,3545,4067,7613,4769,5043,9807,3009,3139,6150,1668,1979,3641,1204,1536,2739,553,571,1125,70,96,169
POA3755,125,121,246,4,6,9,16,14,24,7,12,16,8,0,11,18,11,29,11,8,16,20,22,39,17,18,37,19,16,31,13,8,26,0,0,7
POA3756,8023,7910,15931,761,668,1429,1245,1182,2428,505,463,974,496,418,919,1222,1370,2588,1206,1204,2408,962,992,1949,858,841,1702,515,519,1038,206,196,406,36,52,88
POA3757,4849,4885,9735,259,267,529,694,618,1316,390,294,683,307,252,557,486,530,1011,557,597,1147,720,744,1464,586,636,1223,519,523,1036,237,274,509,84,153,246
POA3758,1198,1086,2281,74,60,134,191,165,354,82,53,140,55,61,112,119,120,237,150,145,292,171,172,348,165,163,336,138,107,245,42,28,67,5,7,14
POA3759,515,548,1063,19,22,37,61,65,125,30,34,68,33,42,70,39,39,78,50,53,103,89,88,177,87,101,193,72,61,134,25,25,50,7,12,14
POA3760,169,188,356,0,3,10,18,31,52,17,11,22,12,8,20,5,8,19,16,22,38,34,31,67,34,46,81,24,22,48,3,0,5,0,0,0
POA3761,622,557,1186,29,24,52,73,64,138,51,36,88,41,38,74,49,36,84,64,74,134,98,91,190,112,83,193,76,80,155,43,25,66,7,4,8
POA3762,59,61,117,3,9,7,8,10,19,0,0,3,5,0,4,9,8,15,5,4,7,11,7,18,14,11,25,6,3,16,0,0,3,0,4,6
POA3763,872,797,1662,48,33,82,105,98,208,59,47,105,47,39,85,94,95,185,115,109,224,144,145,291,132,124,260,82,77,162,29,22,54,0,5,9
POA3764,5163,5415,10578,302,302,602,710,659,1372,364,332,693,317,264,581,582,650,1237,584,635,1216,671,769,1443,666,636,1299,519,613,1136,341,377,721,99,169,264
POA3765,3390,3510,6900,225,222,446,490,413,903,201,206,404,190,175,361,381,394,774,452,464,912,466,478,946,410,390,797,312,388,702,188,243,430,73,140,213
POA3766,673,604,1277,42,27,76,101,69,174,40,25,65,19,28,49,62,61,121,94,101,189,126,107,234,78,92,170,71,62,140,30,27,62,0,4,8
POA3767,614,653,1271,31,27,56,76,92,161,38,35,65,35,33,66,49,60,113,86,77,161,92,82,172,75,111,185,90,84,166,41,44,86,17,16,25
POA3770,1653,1655,3306,106,100,206,205,218,414,117,107,221,110,94,202,196,211,405,194,192,389,218,212,425,231,239,470,176,173,348,95,84,178,20,22,43
POA3775,2039,2037,4080,119,112,232,254,242,494,126,111,231,114,89,203,208,220,430,232,231,460,262,306,569,297,294,590,262,266,528,131,141,268,41,31,71
POA3777,5309,5613,10922,270,268,539,658,609,1268,328,288,616,251,245,496,563,600,1158,589,657,1246,720,752,1477,779,896,1667,637,700,1343,391,401,794,120,188,311
POA3778,115,81,201,3,0,3,17,10,30,4,0,7,0,5,4,11,9,24,0,5,9,22,16,37,24,15,48,23,16,39,5,3,9,0,0,0
POA3779,262,239,501,4,4,13,14,16,29,5,8,17,12,8,19,23,27,49,22,15,39,27,23,50,40,51,89,62,51,114,38,26,64,9,0,12
POA3781,2343,2292,4638,172,174,345,359,326,686,167,141,306,127,99,227,315,310,624,345,326,666,311,364,670,298,309,606,184,174,361,63,52,115,11,22,31
POA3782,4023,3947,7974,214,182,400,536,514,1053,285,241,528,240,192,436,363,348,712,467,529,995,602,641,1245,579,579,1159,468,453,920,209,198,404,54,74,121
POA3783,1294,1259,2559,67,66,135,204,186,386,95,64,161,78,66,149,135,136,265,146,145,294,185,197,385,189,199,384,127,119,251,64,61,125,12,18,29
POA3785,35,30,69,0,4,4,3,5,13,4,0,4,0,0,0,3,6,12,10,3,13,0,6,4,6,6,8,3,4,7,3,0,3,0,0,0
POA3786,771,753,1524,43,35,76,89,100,189,53,47,97,45,33,82,62,55,112,88,101,188,124,132,260,133,113,241,88,89,174,38,31,76,8,12,15
POA3787,487,475,961,16,16,33,64,49,110,36,34,74,21,23,41,45,45,86,54,52,105,73,88,160,76,90,163,76,61,135,19,16,41,4,4,9
POA3788,914,856,1773,46,37,87,119,107,230,59,34,94,43,30,73,67,84,154,104,124,224,165,143,300,127,141,265,133,114,244,44,34,80,6,4,14
POA3789,141,154,294,4,10,13,22,17,41,9,12,19,9,11,10,12,15,27,9,9,18,20,31,47,23,27,45,12,28,37,12,11,20,0,3,3
POA3791,714,707,1418,19,27,44,86,76,167,37,39,80,28,30,60,62,52,105,94,100,191,114,112,223,118,112,232,112,111,222,43,38,87,5,8,11
POA3792,492,557,1046,23,29,55,63,86,149,33,26,59,14,21,33,42,40,81,48,80,122,80,81,162,66,91,159,79,79,154,35,20,50,7,12,17
POA3793,1830,1823,3651,90,99,185,286,237,521,143,119,261,90,90,179,192,171,364,211,250,465,281,295,579,218,224,442,203,210,416,90,87,182,23,39,63
POA3795,672,648,1323,42,30,70,92,90,185,36,39,76,39,37,74,71,82,152,83,83,165,87,98,185,99,84,188,71,57,131,51,34,82,12,13,21
POA3796,4863,4937,9799,323,352,673,673,612,1291,306,321,630,295,278,575,666,637,1304,647,679,1326,629,670,1305,618,614,1231,468,468,935,205,246,452,30,47,76
POA3797,1879,1884,3764,101,102,194,243,231,479,110,98,215,118,80,201,194,196,392,189,213,405,254,269,520,264,232,495,214,273,489,135,136,269,38,56,102
POA3799,2992,2961,5951,147,119,258,351,334,683,203,146,353,144,126,270,316,291,610,314,349,654,476,465,937,474,506,982,354,381,742,150,176,328,60,63,118
POA3802,12267,12189,24455,705,668,1374,1536,1402,2936,717,669,1395,828,692,1518,1702,1629,3327,1704,1685,3389,1400,1525,2928,1637,1806,3446,1346,1380,2720,544,531,1079,149,213,361
POA3803,5692,5669,11355,399,352,752,756,719,1476,337,319,654,412,370,783,916,804,1722,727,725,1455,617,674,1290,660,719,1377,502,497,995,272,277,546,90,204,294
POA3804,4237,4229,8466,171,184,356,600,526,1123,338,331,665,355,318,677,410,371,779,409,463,875,627,681,1307,647,635,1281,434,391,828,181,205,389,76,116,189
POA3805,29236,29372,58600,1922,1813,3738,4303,4127,8427,2326,2106,4430,2364,2158,4522,4049,4118,8166,3927,4164,8093,4060,4306,8373,3370,3345,6721,1832,1931,3764,856,936,1793,219,353,572
POA3806,24974,26337,51308,1460,1377,2837,3980,3836,7817,1922,1778,3695,1672,1500,3175,2635,2877,5510,3674,4090,7771,3680,3929,7609,2785,2834,5620,1728,2098,3829,1061,1385,2447,374,627,1003
POA3807,3838,3818,7655,206,201,404,551,516,1069,354,280,636,310,249,565,362,373,729,459,515,980,635,667,1298,472,494,968,278,317,587,163,164,327,47,46,92
POA3808,1614,1531,3147,70,85,152,274,210,485,131,116,250,103,66,166,100,113,210,203,211,414,236,249,483,233,234,467,172,163,336,74,73,142,16,26,42
POA3809,9606,10057,19662,1016,959,1972,1498,1421,2918,541,520,1062,590,625,1214,1929,2234,4161,1777,1734,3511,1010,1015,2024,575,753,1326,474,587,1067,174,186,364,20,20,45
POA3810,27135,28453,55588,2337,2246,4586,4451,4242,8689,1663,1521,3183,1672,1731,3400,4642,5004,9651,4273,4368,8644,2993,3181,6174,2187,2392,4584,1580,2001,3591,1044,1250,2294,301,498,799
POA3812,1246,1242,2488,54,63,120,169,167,332,92,84,174,75,70,145,123,135,258,148,151,295,198,195,398,187,189,382,143,128,270,37,43,80,21,19,37
POA3813,481,484,963,14,20,34,60,62,118,34,44,75,38,35,74,59,53,111,51,39,94,69,75,142,89,87,176,43,40,84,20,22,46,4,9,15
POA3814,1319,1292,2604,81,68,142,203,179,384,84,92,169,72,61,136,132,166,302,162,140,302,170,161,327,171,177,353,135,147,284,89,81,173,18,19,36
POA3815,1827,1861,3693,142,123,267,279,239,523,138,128,266,100,91,189,178,209,389,221,227,446,219,256,479,235,243,481,173,166,339,109,120,233,33,50,87
POA3816,1621,1603,3227,107,128,239,247,221,465,80,76,155,90,73,162,219,252,466,217,212,428,186,170,359,221,226,445,158,156,312,80,77,156,18,18,32
POA3818,8347,8961,17313,547,615,1162,1209,1103,2313,480,441,920,426,440,864,1064,1222,2281,928,1001,1928,923,1050,1979,982,1158,2143,1022,1067,2087,597,624,1219,171,239,415
POA3820,9553,10509,20054,647,588,1234,1209,1227,2440,542,587,1136,542,551,1090,1299,1406,2708,1116,1202,2315,1128,1272,2399,1118,1301,2413,1069,1220,2283,671,793,1461,211,364,576
POA3821,1541,1599,3142,72,86,161,224,223,441,100,102,202,65,74,136,134,169,301,153,179,332,206,221,427,265,264,530,222,194,412,91,72,166,9,21,31
POA3822,520,484,1001,26,22,49,81,67,150,33,32,61,23,34,55,52,46,99,57,68,131,83,77,159,68,76,147,56,44,95,31,20,53,5,0,11
POA3823,1056,1065,2117,59,56,111,134,120,254,56,48,102,58,51,108,132,127,258,103,113,211,103,120,223,151,187,340,172,155,325,68,68,142,14,23,38
POA3824,2643,2790,5438,163,135,300,374,359,737,142,175,317,139,112,251,268,300,567,324,341,667,317,358,674,327,341,672,340,396,733,188,193,379,59,85,150
POA3825,10398,10681,21078,557,515,1075,1233,1145,2379,595,550,1144,573,536,1111,1262,1276,2537,1061,1161,2227,1226,1379,2607,1526,1490,3016,1390,1428,2820,727,813,1540,244,377,619
POA3831,1022,989,2012,56,41,103,135,117,253,64,60,119,43,40,87,80,97,182,106,101,211,119,113,229,169,155,324,155,158,312,85,67,149,18,39,52
POA3832,115,131,245,5,10,17,9,11,23,3,9,19,3,4,10,10,11,19,11,11,26,16,10,25,18,28,46,20,25,48,16,4,26,0,0,0
POA3833,187,151,340,6,0,3,20,6,30,10,3,11,8,7,9,9,9,22,21,12,34,22,20,44,35,42,78,37,26,60,18,17,31,0,3,6
POA3835,243,235,475,15,19,30,35,22,57,13,13,27,9,14,25,22,28,50,24,25,48,32,27,60,37,44,82,35,31,69,18,9,23,3,3,10
POA3840,8582,8647,17225,496,486,979,1088,935,2031,458,458,917,483,495,977,991,1033,2025,924,923,1845,1080,1071,2156,1189,1286,2480,1107,1022,2126,559,633,1194,192,304,497
POA3842,2419,2510,4924,168,127,294,337,299,638,142,131,277,170,194,361,304,336,637,270,290,561,252,290,547,307,336,650,281,323,610,162,150,303,25,25,47
POA3844,15074,16106,31179,896,899,1800,2036,1913,3950,951,888,1842,853,838,1691,2008,2197,4209,1863,2048,3908,1790,1899,3686,1871,2117,3994,1611,1821,3432,895,1011,1907,290,478,765
POA3847,1121,1154,2278,70,68,140,121,128,246,67,61,123,45,51,98,144,146,289,129,134,263,125,156,283,167,177,343,159,152,312,84,66,151,14,10,24
POA3850,7408,8063,15472,450,445,894,1006,932,1936,450,440,888,425,394,820,940,944,1885,845,949,1790,862,1069,1930,911,1018,1927,851,971,1822,493,613,1107,173,293,466
POA3851,3650,2584,6231,143,112,250,313,268,582,176,149,322,121,77,195,516,201,718,553,264,814,472,389,858,585,510,1094,559,440,996,190,157,339,36,28,59
POA3852,145,69,210,0,0,0,0,5,5,5,7,12,62,43,100,58,8,64,11,0,13,0,0,4,0,0,3,0,3,0,0,0,0,0,0,0
POA3854,744,741,1478,32,49,78,111,101,212,59,53,112,31,37,65,88,86,169,82,88,168,100,105,209,118,113,231,92,73,163,28,36,67,4,7,9
POA3856,521,563,1085,31,36,61,73,97,166,28,31,54,27,31,61,55,75,128,80,72,155,58,61,115,80,90,173,76,56,134,19,8,24,0,3,3
POA3857,188,198,389,5,6,18,24,17,42,10,12,23,9,11,24,17,21,43,15,19,41,24,28,51,30,32,68,40,30,68,10,8,16,4,0,3
POA3858,1589,1535,3125,80,63,141,203,184,388,118,103,222,65,49,112,158,159,322,160,165,322,182,193,369,233,224,455,244,232,476,124,112,233,23,58,82
POA3859,490,459,945,20,37,59,58,65,126,29,16,47,35,24,59,55,58,109,58,43,101,59,57,116,71,68,141,56,54,111,35,29,67,4,6,17
POA3860,3636,3817,7455,215,197,412,496,483,980,207,212,414,181,175,366,396,408,810,395,459,858,383,427,813,520,554,1079,547,504,1054,225,290,508,69,95,166
POA3862,1773,1772,3547,113,104,220,245,204,453,87,105,189,99,88,184,209,233,437,201,194,391,199,202,398,233,261,495,271,249,522,93,108,203,23,28,54
POA3864,129,115,241,6,8,7,13,12,28,7,4,12,5,0,9,11,17,25,11,16,28,12,14,31,22,22,46,30,14,39,10,3,14,0,0,0
POA3865,288,242,527,11,16,27,35,24,54,10,7,22,13,10,27,46,29,77,43,31,70,24,28,55,35,36,76,37,42,79,15,22,35,7,4,10
POA3869,860,882,1738,42,50,91,112,98,212,47,39,88,46,48,92,110,103,213,96,97,188,102,119,218,134,161,299,112,109,220,40,49,89,7,10,22
POA3870,654,672,1319,26,13,42,84,75,157,39,37,73,25,31,47,56,68,127,61,69,133,85,81,167,124,156,279,105,91,193,43,36,81,8,9,21
POA3871,1510,1535,3039,67,73,139,213,183,404,90,79,170,51,39,92,109,130,246,151,165,314,206,210,421,236,249,479,219,233,456,126,104,231,31,60,85
POA3873,184,144,324,15,6,14,37,12,52,7,7,13,8,3,10,21,13,26,27,27,54,14,17,31,27,26,55,22,22,42,7,10,14,0,0,0
POA3874,309,300,610,3,5,10,24,26,48,15,16,29,5,7,13,17,8,33,21,32,51,33,50,83,66,67,137,83,65,148,27,21,41,4,3,10
POA3875,9623,10383,20015,548,536,1087,1189,1158,2342,575,527,1100,472,460,933,1056,1118,2172,939,1083,2024,1099,1264,2359,1285,1477,2759,1360,1447,2816,847,938,1788,258,370,630
POA3878,636,670,1306,25,15,38,52,44,99,24,21,48,26,16,42,38,52,89,45,43,85,66,88,150,120,131,255,148,173,319,73,59,131,19,27,46
POA3880,2003,2231,4235,46,59,104,128,157,283,57,67,125,51,50,105,114,123,239,115,129,240,178,224,398,325,402,722,549,556,1100,359,335,698,93,126,218
POA3882,664,663,1322,33,34,69,86,82,166,43,33,73,21,37,56,67,69,135,58,60,120,75,76,156,102,110,212,112,98,209,49,54,103,17,7,24
POA3885,946,927,1876,49,49,103,114,105,220,52,49,98,29,32,58,99,106,202,91,106,196,123,133,257,175,165,340,141,119,261,62,56,113,24,11,36
POA3886,213,200,415,13,9,14,29,29,54,15,6,28,11,12,21,11,11,28,17,23,38,25,30,60,37,23,59,38,42,77,14,15,29,4,0,7
POA3887,154,114,268,3,0,3,12,6,17,3,5,9,4,5,10,13,3,20,20,19,34,20,17,39,32,22,57,30,26,55,13,8,21,0,0,0
POA3888,1770,1724,3502,76,62,140,171,191,366,88,66,149,57,48,103,150,162,311,142,157,298,191,206,397,338,321,664,339,271,605,173,174,349,51,68,119
POA3889,102,76,171,0,5,3,7,3,9,3,0,4,4,6,8,5,4,3,6,3,7,12,6,20,22,14,38,26,16,46,10,9,23,0,6,5
POA3890,177,161,335,0,4,4,23,22,44,9,5,14,7,4,13,7,8,15,16,23,37,24,26,51,45,37,81,25,20,51,14,9,26,3,0,3
POA3891,64,56,121,7,0,7,4,8,13,0,0,0,0,0,0,4,4,4,4,6,14,0,8,12,15,12,30,18,9,23,6,4,12,0,3,0
POA3892,560,618,1183,22,25,44,39,57,95,21,22,40,17,9,28,31,40,71,50,59,105,52,71,125,121,119,240,135,132,264,69,62,130,20,25,47
POA3893,9,12,25,0,0,0,0,0,4,0,0,0,0,0,0,0,0,0,3,0,5,0,0,0,5,5,6,8,0,6,0,0,0,0,0,0
POA3895,106,97,198,3,0,3,13,11,22,3,3,5,3,0,6,5,11,19,3,5,13,15,18,36,19,21,39,20,11,31,8,7,18,0,4,4
POA3896,187,159,351,10,7,17,20,21,44,9,3,9,10,3,10,17,11,30,11,11,27,30,26,60,32,26,63,37,25,58,16,15,33,0,0,0
POA3898,376,337,705,8,14,17,28,25,53,15,14,34,17,15,29,36,30,65,33,43,76,61,53,117,69,60,133,61,53,115,25,18,51,12,9,19
POA3900,95,77,173,5,0,6,8,5,11,6,0,6,4,0,3,9,6,14,8,8,16,10,11,21,20,12,37,23,17,42,11,5,18,0,0,7
POA3902,204,220,423,8,4,15,14,20,38,9,14,27,6,12,14,14,19,30,16,19,34,18,28,53,32,34,62,55,40,89,30,25,54,3,0,3
POA3903,447,417,861,24,17,41,66,42,113,9,17,31,7,7,18,45,38,80,50,47,98,42,51,92,55,69,123,101,86,181,44,32,72,9,12,19
POA3904,955,951,1899,26,32,54,82,86,168,31,28,61,17,16,31,50,51,98,75,82,155,87,113,201,177,221,392,271,218,489,124,84,205,20,10,31
POA3909,4319,4397,8713,206,150,355,465,429,897,224,203,424,165,139,307,299,373,674,385,402,787,461,508,973,639,700,1341,866,845,1709,494,456,948,118,175,291
POA3910,11477,12113,23588,765,752,1519,1630,1548,3178,754,695,1451,657,638,1297,1477,1598,3076,1608,1704,3318,1557,1646,3205,1379,1598,2973,1021,1121,2136,477,597,1079,139,221,357
POA3911,1742,1765,3514,102,76,184,209,183,394,115,108,218,111,120,231,219,223,447,206,211,420,237,263,501,246,267,509,181,188,370,85,99,186,21,31,53
POA3912,7637,7993,15633,472,520,993,1026,873,1899,489,447,934,476,406,882,963,1067,2025,946,956,1901,928,1081,2004,1030,1117,2151,795,840,1637,381,478,859,147,210,359
POA3913,1706,1745,3449,105,75,176,207,196,404,125,114,245,110,102,212,206,217,423,181,175,356,226,273,496,243,276,517,185,192,374,96,100,187,24,36,64
POA3915,5116,5605,10723,318,290,612,655,689,1338,300,287,585,259,251,507,684,685,1372,577,666,1241,565,663,1231,619,663,1281,606,725,1328,400,512,913,136,175,309
POA3916,517,521,1036,11,23,33,41,46,87,15,17,40,20,7,26,31,33,65,33,31,63,58,64,124,98,104,202,113,114,218,64,56,120,19,33,52
POA3918,2126,2152,4276,146,88,236,256,240,496,139,111,248,106,96,199,213,216,425,220,240,456,282,316,596,297,333,632,280,321,604,161,170,334,28,31,59
POA3919,1644,1695,3343,102,86,192,224,235,461,97,108,208,87,77,164,245,223,465,192,225,418,202,251,454,220,225,446,167,177,347,88,80,162,12,16,30
POA3920,804,318,1124,26,22,49,32,24,59,190,63,253,308,75,386,160,58,217,56,49,98,29,13,41,10,7,16,0,0,0,0,0,0,0,0,0
POA3921,70,73,139,0,8,6,6,0,8,0,9,8,0,0,0,7,6,5,8,16,24,16,6,22,11,16,21,16,16,30,5,5,13,0,0,4
POA3922,4848,5265,10118,207,222,428,581,515,1091,206,197,400,153,148,296,394,440,837,490,538,1025,555,609,1162,783,949,1728,890,967,1857,465,484,947,133,209,339
POA3923,426,408,836,15,5,19,34,28,59,11,24,42,10,7,18,20,14,38,35,30,66,43,43,88,85,104,191,121,112,232,47,33,79,6,12,16
POA3925,2216,2334,4550,116,121,238,262,259,520,104,125,228,81,84,163,200,221,418,259,293,555,288,301,595,375,399,774,347,337,681,138,148,288,49,51,95
POA3926,1670,1753,3421,87,70,159,235,210,441,77,92,172,74,47,122,103,108,209,176,213,388,203,258,462,237,288,527,272,256,525,163,152,319,40,60,100
POA3927,894,962,1857,32,39,68,113,106,220,43,54,96,38,31,70,43,65,102,85,99,183,104,112,217,138,186,327,179,176,355,100,72,175,16,18,36
POA3928,219,237,453,0,9,9,17,21,41,15,10,26,8,8,15,11,14,22,20,15,33,26,41,72,39,52,90,55,41,97,17,24,39,4,4,10
POA3929,562,570,1130,16,19,37,41,29,65,21,15,33,18,19,43,14,18,34,37,33,72,48,59,107,106,137,240,145,137,283,96,91,182,17,16,32
POA3930,9106,9628,18734,439,412,850,1520,1480,2998,694,695,1390,428,381,815,462,448,913,987,1153,2140,1444,1544,2989,1210,1269,2471,1020,1175,2194,683,760,1446,231,304,531
POA3931,11959,13798,25759,610,562,1170,1393,1302,2691,693,661,1354,565,563,1124,1050,1052,2101,1232,1470,2702,1557,1853,3409,1463,1687,3148,1603,2101,3704,1281,1726,3001,516,828,1341
POA3933,500,501,1004,18,19,34,50,49,100,47,46,95,30,25,52,31,44,77,52,44,93,67,95,158,87,76,161,73,61,135,38,27,63,7,14,25
POA3934,9504,10340,19846,454,455,913,1488,1415,2902,747,665,1412,438,421,860,549,598,1144,1021,1225,2246,1469,1661,3132,1197,1316,2514,1093,1350,2445,782,875,1657,262,356,618
POA3936,6487,6879,13366,275,285,553,620,624,1244,351,313,660,299,278,579,523,609,1134,631,697,1324,899,916,1809,926,1024,1958,1055,1162,2215,701,744,1442,215,240,451
POA3937,879,837,1717,31,32,62,127,83,203,46,55,104,35,32,65,56,46,100,73,69,138,113,135,254,155,173,332,166,137,305,59,54,118,12,19,33
POA3938,1631,1685,3311,72,59,132,137,130,269,84,57,137,76,76,147,118,125,244,153,152,296,179,215,400,255,288,541,328,352,676,182,202,378,55,35,90
POA3939,7570,8330,15900,388,312,696,826,819,1652,420,404,822,294,336,633,784,779,1555,756,879,1631,929,1022,1952,1026,1240,2269,1148,1279,2424,734,895,1626,268,366,636
POA3940,2419,2824,5246,98,89,188,242,226,465,98,88,184,100,77,175,226,242,469,199,240,436,247,251,504,236,313,545,369,431,797,354,457,817,252,412,665
POA3941,6783,6811,13591,360,295,652,771,722,1494,311,279,586,243,262,504,615,638,1256,683,767,1448,961,937,1897,1016,1072,2091,1061,1062,2120,582,561,1142,188,213,395
POA3942,1365,1424,2786,66,54,121,112,91,199,41,65,102,49,44,96,75,81,159,112,106,221,163,163,321,217,265,480,306,333,642,176,177,352,50,40,83
POA3943,1005,1006,2013,20,29,51,72,48,117,27,25,50,30,23,52,42,43,89,70,55,119,80,113,194,162,177,335,294,295,590,169,167,329,34,36,68
POA3944,398,390,787,4,4,9,10,8,20,3,7,11,6,12,12,16,14,24,10,12,24,37,27,63,75,88,157,103,128,235,108,81,191,25,10,38
POA3945,565,531,1092,23,29,51,83,59,140,18,18,41,13,10,18,50,63,109,62,50,110,70,91,158,102,103,208,99,78,172,38,33,72,3,4,8
POA3946,148,158,303,7,8,18,3,19,26,8,5,11,5,7,6,14,23,37,19,12,26,21,18,37,31,34,71,28,23,45,9,6,13,6,4,9
POA3950,2505,2626,5133,154,130,283,316,279,595,171,132,302,116,95,216,264,273,534,233,269,501,290,368,655,349,384,735,347,365,708,196,213,407,73,123,197
POA3951,510,507,1020,29,20,50,58,62,117,38,35,70,29,23,46,37,38,70,37,46,81,85,93,172,87,85,171,93,83,179,25,24,48,4,6,9
POA3953,3964,4229,8194,220,175,394,596,525,1125,230,267,501,171,143,313,345,374,720,431,486,910,463,518,978,542,578,1120,552,632,1185,333,373,707,87,164,249
POA3954,185,179,366,7,7,10,18,16,33,18,11,24,9,6,21,8,5,17,15,16,29,29,31,60,42,43,85,29,21,50,9,16,24,6,6,7
POA3956,1538,1501,3037,60,81,142,178,158,330,63,68,135,57,38,92,111,131,243,154,169,322,201,183,381,270,275,552,284,261,547,119,115,227,38,19,60
POA3957,155,157,310,13,14,25,24,21,43,5,10,21,3,4,11,14,20,32,20,17,34,21,16,38,18,29,42,23,15,39,13,8,22,3,0,4
POA3958,148,142,284,7,13,16,22,13,37,5,14,21,10,7,14,12,4,16,6,18,30,26,20,42,23,16,43,22,14,39,11,10,19,0,0,4
POA3959,626,595,1223,12,15,30,76,79,151,39,26,69,30,17,47,33,31,64,63,54,111,81,81,163,105,111,215,127,117,246,54,53,110,12,12,16
POA3960,1324,1392,2715,50,33,82,122,120,242,67,67,135,37,43,83,87,83,167,110,104,212,155,166,320,217,252,464,273,284,557,156,157,315,58,84,136
POA3962,480,479,954,15,18,38,52,56,101,14,10,31,20,17,40,37,36,73,45,49,90,58,53,107,82,88,161,100,96,196,50,43,89,12,13,26
POA3964,91,78,174,5,3,15,6,11,15,3,0,7,4,3,10,5,9,15,15,9,17,7,8,15,24,21,47,14,9,23,3,5,8,3,0,3
POA3965,115,111,220,0,4,3,7,3,7,0,3,7,0,0,4,0,6,12,11,8,15,8,10,20,21,26,45,35,27,60,16,15,29,5,0,8
POA3966,288,256,544,18,18,40,31,20,55,4,17,24,19,13,21,23,23,42,21,30,57,46,38,81,41,33,74,62,39,104,23,14,37,5,11,9
POA3967,60,48,108,4,4,10,4,0,4,0,0,5,0,3,3,6,0,11,0,7,4,10,9,15,15,5,20,8,13,25,6,5,6,0,0,5
POA3971,2058,2139,4195,91,97,185,195,199,393,104,82,190,87,72,156,171,177,349,162,210,367,246,272,518,366,362,725,392,373,764,184,209,393,63,79,143
POA3975,9018,9025,18048,727,722,1451,1629,1514,3135,561,553,1117,608,578,1184,1212,1329,2540,1729,1723,3453,1231,1188,2419,744,710,1453,397,426,825,142,163,303,41,117,163
POA3976,13317,12771,26082,965,895,1856,1950,1790,3738,885,815,1695,1077,957,2041,2156,2086,4243,1893,1759,3655,1534,1598,3134,1521,1532,3051,883,854,1741,366,377,742,74,114,190
POA3977,58191,58955,117143,5117,4806,9921,9713,9097,18809,3595,3534,7126,3774,3672,7453,8609,9644,18254,10049,9848,19890,6929,6982,13913,5165,5240,10409,3238,3611,6854,1566,1811,3373,433,713,1144
POA3978,21385,21819,43202,2595,2468,5067,3597,3616,7213,1052,996,2045,1210,1308,2513,4413,4978,9392,4495,4231,8728,2014,1883,3895,1060,1159,2222,631,798,1431,277,324,600,42,58,100
POA3979,187,177,365,12,14,19,25,22,53,10,10,26,5,4,7,17,15,30,22,19,50,28,22,52,30,30,55,32,21,58,8,11,16,0,0,0
POA3980,1857,1713,3571,111,111,221,273,220,497,116,104,217,93,101,191,217,210,421,219,235,455,247,247,496,251,238,493,217,183,401,88,61,141,20,19,43
POA3981,2659,2779,5437,189,184,372,380,408,789,160,195,350,154,144,293,381,411,792,311,345,653,354,328,679,310,304,615,229,237,465,141,143,279,44,81,126
POA3984,3720,3655,7374,239,199,440,394,406,799,168,174,346,164,154,317,450,481,935,394,403,800,486,447,928,556,569,1126,550,518,1067,249,236,488,64,62,122
POA3987,808,832,1644,50,40,88,114,128,245,54,43,100,39,39,84,72,92,170,103,113,218,132,133,268,122,126,248,74,74,146,35,32,71,11,0,10
POA3988,558,543,1094,33,23,54,80,66,147,34,33,66,17,23,39,69,62,136,74,59,131,57,65,126,77,95,176,75,70,136,35,32,65,3,8,10
POA3990,55,62,118,0,3,6,4,4,6,0,5,3,0,0,3,3,5,9,3,10,8,5,10,19,19,15,32,9,9,19,7,4,12,0,0,0
POA3991,204,205,405,10,11,21,20,25,39,10,18,21,14,8,23,15,17,34,18,28,45,23,33,58,35,34,67,43,29,75,15,10,23,0,0,0
POA3992,650,631,1281,37,29,67,84,76,157,34,29,68,32,22,51,72,74,144,75,100,169,82,83,167,102,104,198,105,87,188,29,19,48,4,6,16
POA3995,5588,6009,11596,238,244,489,623,576,1200,308,275,589,248,246,492,537,595,1131,567,590,1150,660,700,1359,802,952,1750,904,1022,1927,530,565,1096,164,249,423
POA3996,3194,3453,6649,150,162,310,371,351,726,166,131,294,114,88,198,213,245,457,312,359,663,317,380,696,471,538,1019,630,670,1302,342,398,737,104,145,247
